ISO3,year,hdi
AFG,1990,0.285
AFG,1991,0.291
AFG,1992,0.301
AFG,1993,0.311
AFG,1994,0.305
AFG,1995,0.329
AFG,1996,0.334
AFG,1997,0.338
AFG,1998,0.338
AFG,1999,0.347
AFG,2000,0.351
AFG,2001,0.355
AFG,2002,0.383
AFG,2003,0.392
AFG,2004,0.408
AFG,2005,0.417
AFG,2006,0.426
AFG,2007,0.442
AFG,2008,0.446
AFG,2009,0.458
AFG,2010,0.465
AFG,2011,0.474
AFG,2012,0.484
AFG,2013,0.492
AFG,2014,0.497
AFG,2015,0.496
AFG,2016,0.495
AFG,2017,0.496
AFG,2018,0.498
AFG,2019,0.507
AFG,2020,0.501
AFG,2021,0.486
AFG,2022,0.495
AFG,2023,0.496
AGO,1999,0.379
AGO,2000,0.391
AGO,2001,0.401
AGO,2002,0.417
AGO,2003,0.435
AGO,2004,0.448
AGO,2005,0.463
AGO,2006,0.475
AGO,2007,0.492
AGO,2008,0.504
AGO,2009,0.517
AGO,2010,0.528
AGO,2011,0.545
AGO,2012,0.557
AGO,2013,0.567
AGO,2014,0.577
AGO,2015,0.603
AGO,2016,0.609
AGO,2017,0.61
AGO,2018,0.611
AGO,2019,0.611
AGO,2020,0.61
AGO,2021,0.609
AGO,2022,0.615
AGO,2023,0.616
ALB,1990,0.654
ALB,1991,0.638
ALB,1992,0.622
ALB,1993,0.624
ALB,1994,0.629
ALB,1995,0.638
ALB,1996,0.647
ALB,1997,0.645
ALB,1998,0.659
ALB,1999,0.671
ALB,2000,0.682
ALB,2001,0.691
ALB,2002,0.697
ALB,2003,0.705
ALB,2004,0.71
ALB,2005,0.723
ALB,2006,0.732
ALB,2007,0.742
ALB,2008,0.749
ALB,2009,0.756
ALB,2010,0.769
ALB,2011,0.781
ALB,2012,0.79
ALB,2013,0.793
ALB,2014,0.797
ALB,2015,0.797
ALB,2016,0.797
ALB,2017,0.798
ALB,2018,0.801
ALB,2019,0.805
ALB,2020,0.794
ALB,2021,0.794
ALB,2022,0.806
ALB,2023,0.81
AND,2000,0.825
AND,2001,0.832
AND,2002,0.838
AND,2003,0.84
AND,2004,0.849
AND,2005,0.842
AND,2006,0.851
AND,2007,0.859
AND,2008,0.864
AND,2009,0.866
AND,2010,0.87
AND,2011,0.875
AND,2012,0.876
AND,2013,0.862
AND,2014,0.866
AND,2015,0.869
AND,2016,0.872
AND,2017,0.873
AND,2018,0.875
AND,2019,0.876
AND,2020,0.851
AND,2021,0.871
AND,2022,0.893
AND,2023,0.913
ARE,1990,0.713
ARE,1991,0.724
ARE,1992,0.729
ARE,1993,0.736
ARE,1994,0.742
ARE,1995,0.747
ARE,1996,0.753
ARE,1997,0.761
ARE,1998,0.77
ARE,1999,0.78
ARE,2000,0.79
ARE,2001,0.798
ARE,2002,0.805
ARE,2003,0.81
ARE,2004,0.815
ARE,2005,0.819
ARE,2006,0.823
ARE,2007,0.827
ARE,2008,0.831
ARE,2009,0.832
ARE,2010,0.835
ARE,2011,0.839
ARE,2012,0.843
ARE,2013,0.846
ARE,2014,0.853
ARE,2015,0.857
ARE,2016,0.861
ARE,2017,0.884
ARE,2018,0.901
ARE,2019,0.915
ARE,2020,0.909
ARE,2021,0.903
ARE,2022,0.921
ARE,2023,0.94
ARG,1990,0.733
ARG,1991,0.739
ARG,1992,0.743
ARG,1993,0.748
ARG,1994,0.753
ARG,1995,0.754
ARG,1996,0.76
ARG,1997,0.768
ARG,1998,0.772
ARG,1999,0.783
ARG,2000,0.789
ARG,2001,0.795
ARG,2002,0.795
ARG,2003,0.804
ARG,2004,0.808
ARG,2005,0.812
ARG,2006,0.822
ARG,2007,0.825
ARG,2008,0.833
ARG,2009,0.835
ARG,2010,0.844
ARG,2011,0.852
ARG,2012,0.85
ARG,2013,0.852
ARG,2014,0.855
ARG,2015,0.859
ARG,2016,0.857
ARG,2017,0.861
ARG,2018,0.861
ARG,2019,0.861
ARG,2020,0.851
ARG,2021,0.847
ARG,2022,0.858
ARG,2023,0.865
ARM,1990,0.663
ARM,1991,0.652
ARM,1992,0.618
ARM,1993,0.621
ARM,1994,0.625
ARM,1995,0.631
ARM,1996,0.635
ARM,1997,0.644
ARM,1998,0.655
ARM,1999,0.661
ARM,2000,0.667
ARM,2001,0.672
ARM,2002,0.682
ARM,2003,0.692
ARM,2004,0.7
ARM,2005,0.711
ARM,2006,0.725
ARM,2007,0.739
ARM,2008,0.743
ARM,2009,0.741
ARM,2010,0.747
ARM,2011,0.752
ARM,2012,0.761
ARM,2013,0.766
ARM,2014,0.772
ARM,2015,0.777
ARM,2016,0.783
ARM,2017,0.785
ARM,2018,0.789
ARM,2019,0.796
ARM,2020,0.761
ARM,2021,0.786
ARM,2022,0.801
ARM,2023,0.811
ATG,2007,0.827
ATG,2008,0.83
ATG,2009,0.827
ATG,2010,0.828
ATG,2011,0.828
ATG,2012,0.833
ATG,2013,0.835
ATG,2014,0.837
ATG,2015,0.839
ATG,2016,0.842
ATG,2017,0.845
ATG,2018,0.85
ATG,2019,0.851
ATG,2020,0.84
ATG,2021,0.843
ATG,2022,0.848
ATG,2023,0.851
AUS,1990,0.867
AUS,1991,0.868
AUS,1992,0.868
AUS,1993,0.872
AUS,1994,0.873
AUS,1995,0.882
AUS,1996,0.884
AUS,1997,0.887
AUS,1998,0.891
AUS,1999,0.893
AUS,2000,0.897
AUS,2001,0.9
AUS,2002,0.902
AUS,2003,0.906
AUS,2004,0.91
AUS,2005,0.914
AUS,2006,0.917
AUS,2007,0.919
AUS,2008,0.924
AUS,2009,0.927
AUS,2010,0.929
AUS,2011,0.933
AUS,2012,0.938
AUS,2013,0.935
AUS,2014,0.937
AUS,2015,0.938
AUS,2016,0.939
AUS,2017,0.94
AUS,2018,0.945
AUS,2019,0.947
AUS,2020,0.95
AUS,2021,0.954
AUS,2022,0.952
AUS,2023,0.958
AUT,1990,0.832
AUT,1991,0.835
AUT,1992,0.841
AUT,1993,0.845
AUT,1994,0.851
AUT,1995,0.856
AUT,1996,0.861
AUT,1997,0.865
AUT,1998,0.87
AUT,1999,0.874
AUT,2000,0.879
AUT,2001,0.883
AUT,2002,0.887
AUT,2003,0.889
AUT,2004,0.895
AUT,2005,0.898
AUT,2006,0.902
AUT,2007,0.905
AUT,2008,0.907
AUT,2009,0.907
AUT,2010,0.912
AUT,2011,0.915
AUT,2012,0.916
AUT,2013,0.915
AUT,2014,0.919
AUT,2015,0.919
AUT,2016,0.921
AUT,2017,0.922
AUT,2018,0.925
AUT,2019,0.928
AUT,2020,0.925
AUT,2021,0.93
AUT,2022,0.927
AUT,2023,0.93
AZE,1995,0.618
AZE,1996,0.622
AZE,1997,0.626
AZE,1998,0.636
AZE,1999,0.646
AZE,2000,0.652
AZE,2001,0.66
AZE,2002,0.669
AZE,2003,0.676
AZE,2004,0.682
AZE,2005,0.692
AZE,2006,0.711
AZE,2007,0.72
AZE,2008,0.731
AZE,2009,0.74
AZE,2010,0.744
AZE,2011,0.746
AZE,2012,0.751
AZE,2013,0.757
AZE,2014,0.766
AZE,2015,0.771
AZE,2016,0.772
AZE,2017,0.774
AZE,2018,0.775
AZE,2019,0.78
AZE,2020,0.757
AZE,2021,0.765
AZE,2022,0.784
AZE,2023,0.789
BDI,1990,0.294
BDI,1991,0.296
BDI,1992,0.294
BDI,1993,0.265
BDI,1994,0.298
BDI,1995,0.294
BDI,1996,0.292
BDI,1997,0.297
BDI,1998,0.303
BDI,1999,0.306
BDI,2000,0.308
BDI,2001,0.311
BDI,2002,0.324
BDI,2003,0.332
BDI,2004,0.344
BDI,2005,0.352
BDI,2006,0.376
BDI,2007,0.389
BDI,2008,0.401
BDI,2009,0.409
BDI,2010,0.416
BDI,2011,0.42
BDI,2012,0.425
BDI,2013,0.428
BDI,2014,0.431
BDI,2015,0.432
BDI,2016,0.436
BDI,2017,0.434
BDI,2018,0.434
BDI,2019,0.435
BDI,2020,0.435
BDI,2021,0.435
BDI,2022,0.437
BDI,2023,0.439
BEL,1990,0.824
BEL,1991,0.829
BEL,1992,0.845
BEL,1993,0.86
BEL,1994,0.868
BEL,1995,0.875
BEL,1996,0.881
BEL,1997,0.884
BEL,1998,0.886
BEL,1999,0.889
BEL,2000,0.894
BEL,2001,0.899
BEL,2002,0.901
BEL,2003,0.903
BEL,2004,0.909
BEL,2005,0.911
BEL,2006,0.913
BEL,2007,0.916
BEL,2008,0.917
BEL,2009,0.919
BEL,2010,0.921
BEL,2011,0.923
BEL,2012,0.923
BEL,2013,0.925
BEL,2014,0.93
BEL,2015,0.933
BEL,2016,0.936
BEL,2017,0.94
BEL,2018,0.942
BEL,2019,0.945
BEL,2020,0.939
BEL,2021,0.948
BEL,2022,0.945
BEL,2023,0.951
BEN,1990,0.351
BEN,1991,0.358
BEN,1992,0.363
BEN,1993,0.371
BEN,1994,0.375
BEN,1995,0.383
BEN,1996,0.389
BEN,1997,0.396
BEN,1998,0.401
BEN,1999,0.407
BEN,2000,0.415
BEN,2001,0.426
BEN,2002,0.435
BEN,2003,0.442
BEN,2004,0.449
BEN,2005,0.456
BEN,2006,0.462
BEN,2007,0.469
BEN,2008,0.475
BEN,2009,0.48
BEN,2010,0.485
BEN,2011,0.49
BEN,2012,0.497
BEN,2013,0.506
BEN,2014,0.509
BEN,2015,0.511
BEN,2016,0.51
BEN,2017,0.507
BEN,2018,0.507
BEN,2019,0.507
BEN,2020,0.504
BEN,2021,0.506
BEN,2022,0.512
BEN,2023,0.515
BFA,2005,0.333
BFA,2006,0.34
BFA,2007,0.344
BFA,2008,0.357
BFA,2009,0.366
BFA,2010,0.377
BFA,2011,0.389
BFA,2012,0.398
BFA,2013,0.405
BFA,2014,0.409
BFA,2015,0.419
BFA,2016,0.427
BFA,2017,0.438
BFA,2018,0.449
BFA,2019,0.453
BFA,2020,0.453
BFA,2021,0.454
BFA,2022,0.457
BFA,2023,0.459
BGD,1990,0.397
BGD,1991,0.395
BGD,1992,0.411
BGD,1993,0.419
BGD,1994,0.426
BGD,1995,0.434
BGD,1996,0.442
BGD,1997,0.451
BGD,1998,0.459
BGD,1999,0.468
BGD,2000,0.477
BGD,2001,0.486
BGD,2002,0.494
BGD,2003,0.503
BGD,2004,0.511
BGD,2005,0.52
BGD,2006,0.527
BGD,2007,0.534
BGD,2008,0.538
BGD,2009,0.551
BGD,2010,0.561
BGD,2011,0.572
BGD,2012,0.583
BGD,2013,0.589
BGD,2014,0.6
BGD,2015,0.621
BGD,2016,0.632
BGD,2017,0.633
BGD,2018,0.646
BGD,2019,0.656
BGD,2020,0.663
BGD,2021,0.663
BGD,2022,0.68
BGD,2023,0.685
BGR,1990,0.706
BGR,1991,0.706
BGR,1992,0.709
BGR,1993,0.711
BGR,1994,0.713
BGR,1995,0.709
BGR,1996,0.718
BGR,1997,0.713
BGR,1998,0.723
BGR,1999,0.728
BGR,2000,0.733
BGR,2001,0.742
BGR,2002,0.753
BGR,2003,0.762
BGR,2004,0.769
BGR,2005,0.775
BGR,2006,0.779
BGR,2007,0.785
BGR,2008,0.791
BGR,2009,0.793
BGR,2010,0.799
BGR,2011,0.803
BGR,2012,0.807
BGR,2013,0.815
BGR,2014,0.819
BGR,2015,0.824
BGR,2016,0.827
BGR,2017,0.829
BGR,2018,0.832
BGR,2019,0.835
BGR,2020,0.826
BGR,2021,0.817
BGR,2022,0.835
BGR,2023,0.845
BHR,1990,0.734
BHR,1991,0.728
BHR,1992,0.728
BHR,1993,0.732
BHR,1994,0.732
BHR,1995,0.737
BHR,1996,0.741
BHR,1997,0.746
BHR,1998,0.754
BHR,1999,0.761
BHR,2000,0.775
BHR,2001,0.785
BHR,2002,0.791
BHR,2003,0.799
BHR,2004,0.795
BHR,2005,0.791
BHR,2006,0.795
BHR,2007,0.8
BHR,2008,0.804
BHR,2009,0.804
BHR,2010,0.81
BHR,2011,0.817
BHR,2012,0.833
BHR,2013,0.846
BHR,2014,0.847
BHR,2015,0.868
BHR,2016,0.871
BHR,2017,0.874
BHR,2018,0.886
BHR,2019,0.894
BHR,2020,0.885
BHR,2021,0.885
BHR,2022,0.902
BHR,2023,0.899
BHS,1990,0.762
BHS,1991,0.762
BHS,1992,0.762
BHS,1993,0.763
BHS,1994,0.765
BHS,1995,0.774
BHS,1996,0.779
BHS,1997,0.773
BHS,1998,0.777
BHS,1999,0.783
BHS,2000,0.787
BHS,2001,0.79
BHS,2002,0.793
BHS,2003,0.794
BHS,2004,0.795
BHS,2005,0.798
BHS,2006,0.8
BHS,2007,0.801
BHS,2008,0.801
BHS,2009,0.8
BHS,2010,0.801
BHS,2011,0.802
BHS,2012,0.805
BHS,2013,0.805
BHS,2014,0.807
BHS,2015,0.807
BHS,2016,0.808
BHS,2017,0.81
BHS,2018,0.812
BHS,2019,0.8
BHS,2020,0.797
BHS,2021,0.794
BHS,2022,0.818
BHS,2023,0.82
BIH,2000,0.674
BIH,2001,0.677
BIH,2002,0.683
BIH,2003,0.689
BIH,2004,0.694
BIH,2005,0.698
BIH,2006,0.701
BIH,2007,0.709
BIH,2008,0.719
BIH,2009,0.722
BIH,2010,0.725
BIH,2011,0.731
BIH,2012,0.742
BIH,2013,0.756
BIH,2014,0.765
BIH,2015,0.769
BIH,2016,0.776
BIH,2017,0.78
BIH,2018,0.785
BIH,2019,0.788
BIH,2020,0.783
BIH,2021,0.783
BIH,2022,0.799
BIH,2023,0.804
BLR,1995,0.692
BLR,1996,0.697
BLR,1997,0.704
BLR,1998,0.709
BLR,1999,0.716
BLR,2000,0.724
BLR,2001,0.731
BLR,2002,0.738
BLR,2003,0.747
BLR,2004,0.758
BLR,2005,0.767
BLR,2006,0.777
BLR,2007,0.786
BLR,2008,0.796
BLR,2009,0.798
BLR,2010,0.803
BLR,2011,0.812
BLR,2012,0.818
BLR,2013,0.821
BLR,2014,0.825
BLR,2015,0.825
BLR,2016,0.825
BLR,2017,0.828
BLR,2018,0.827
BLR,2019,0.826
BLR,2020,0.815
BLR,2021,0.817
BLR,2022,0.824
BLR,2023,0.824
BLZ,1990,0.617
BLZ,1991,0.626
BLZ,1992,0.634
BLZ,1993,0.64
BLZ,1994,0.643
BLZ,1995,0.647
BLZ,1996,0.65
BLZ,1997,0.654
BLZ,1998,0.657
BLZ,1999,0.664
BLZ,2000,0.671
BLZ,2001,0.676
BLZ,2002,0.686
BLZ,2003,0.696
BLZ,2004,0.703
BLZ,2005,0.7
BLZ,2006,0.713
BLZ,2007,0.718
BLZ,2008,0.72
BLZ,2009,0.724
BLZ,2010,0.727
BLZ,2011,0.725
BLZ,2012,0.727
BLZ,2013,0.724
BLZ,2014,0.721
BLZ,2015,0.721
BLZ,2016,0.727
BLZ,2017,0.722
BLZ,2018,0.723
BLZ,2019,0.725
BLZ,2020,0.713
BLZ,2021,0.713
BLZ,2022,0.717
BLZ,2023,0.721
BOL,1990,0.552
BOL,1991,0.561
BOL,1992,0.568
BOL,1993,0.577
BOL,1994,0.586
BOL,1995,0.594
BOL,1996,0.602
BOL,1997,0.61
BOL,1998,0.618
BOL,1999,0.624
BOL,2000,0.63
BOL,2001,0.639
BOL,2002,0.642
BOL,2003,0.645
BOL,2004,0.648
BOL,2005,0.658
BOL,2006,0.656
BOL,2007,0.664
BOL,2008,0.668
BOL,2009,0.671
BOL,2010,0.677
BOL,2011,0.683
BOL,2012,0.685
BOL,2013,0.699
BOL,2014,0.701
BOL,2015,0.704
BOL,2016,0.714
BOL,2017,0.715
BOL,2018,0.722
BOL,2019,0.728
BOL,2020,0.697
BOL,2021,0.693
BOL,2022,0.727
BOL,2023,0.733
BRA,1990,0.641
BRA,1991,0.645
BRA,1992,0.648
BRA,1993,0.654
BRA,1994,0.659
BRA,1995,0.666
BRA,1996,0.671
BRA,1997,0.676
BRA,1998,0.68
BRA,1999,0.684
BRA,2000,0.69
BRA,2001,0.694
BRA,2002,0.7
BRA,2003,0.705
BRA,2004,0.712
BRA,2005,0.718
BRA,2006,0.725
BRA,2007,0.732
BRA,2008,0.739
BRA,2009,0.742
BRA,2010,0.748
BRA,2011,0.753
BRA,2012,0.758
BRA,2013,0.762
BRA,2014,0.765
BRA,2015,0.764
BRA,2016,0.765
BRA,2017,0.77
BRA,2018,0.774
BRA,2019,0.776
BRA,2020,0.77
BRA,2021,0.768
BRA,2022,0.78
BRA,2023,0.786
BRB,1990,0.73
BRB,1991,0.732
BRB,1992,0.732
BRB,1993,0.735
BRB,1994,0.74
BRB,1995,0.744
BRB,1996,0.748
BRB,1997,0.752
BRB,1998,0.754
BRB,1999,0.756
BRB,2000,0.762
BRB,2001,0.763
BRB,2002,0.767
BRB,2003,0.771
BRB,2004,0.775
BRB,2005,0.779
BRB,2006,0.783
BRB,2007,0.79
BRB,2008,0.794
BRB,2009,0.798
BRB,2010,0.797
BRB,2011,0.794
BRB,2012,0.797
BRB,2013,0.798
BRB,2014,0.799
BRB,2015,0.8
BRB,2016,0.803
BRB,2017,0.804
BRB,2018,0.806
BRB,2019,0.808
BRB,2020,0.803
BRB,2021,0.803
BRB,2022,0.807
BRB,2023,0.811
BRN,1990,0.781
BRN,1991,0.782
BRN,1992,0.782
BRN,1993,0.783
BRN,1994,0.782
BRN,1995,0.784
BRN,1996,0.784
BRN,1997,0.785
BRN,1998,0.785
BRN,1999,0.79
BRN,2000,0.792
BRN,2001,0.794
BRN,2002,0.798
BRN,2003,0.804
BRN,2004,0.81
BRN,2005,0.814
BRN,2006,0.819
BRN,2007,0.822
BRN,2008,0.824
BRN,2009,0.828
BRN,2010,0.83
BRN,2011,0.834
BRN,2012,0.841
BRN,2013,0.842
BRN,2014,0.841
BRN,2015,0.839
BRN,2016,0.838
BRN,2017,0.837
BRN,2018,0.837
BRN,2019,0.835
BRN,2020,0.836
BRN,2021,0.835
BRN,2022,0.825
BRN,2023,0.837
BTN,2010,0.593
BTN,2011,0.603
BTN,2012,0.609
BTN,2013,0.616
BTN,2014,0.626
BTN,2015,0.637
BTN,2016,0.647
BTN,2017,0.656
BTN,2018,0.667
BTN,2019,0.68
BTN,2020,0.688
BTN,2021,0.691
BTN,2022,0.695
BTN,2023,0.698
BWA,1990,0.59
BWA,1991,0.59
BWA,1992,0.589
BWA,1993,0.588
BWA,1994,0.58
BWA,1995,0.583
BWA,1996,0.584
BWA,1997,0.587
BWA,1998,0.588
BWA,1999,0.592
BWA,2000,0.594
BWA,2001,0.595
BWA,2002,0.594
BWA,2003,0.602
BWA,2004,0.608
BWA,2005,0.616
BWA,2006,0.627
BWA,2007,0.64
BWA,2008,0.645
BWA,2009,0.644
BWA,2010,0.652
BWA,2011,0.661
BWA,2012,0.667
BWA,2013,0.676
BWA,2014,0.685
BWA,2015,0.69
BWA,2016,0.696
BWA,2017,0.704
BWA,2018,0.71
BWA,2019,0.718
BWA,2020,0.718
BWA,2021,0.7
BWA,2022,0.729
BWA,2023,0.731
CAF,1990,0.342
CAF,1991,0.336
CAF,1992,0.321
CAF,1993,0.321
CAF,1994,0.323
CAF,1995,0.326
CAF,1996,0.323
CAF,1997,0.325
CAF,1998,0.328
CAF,1999,0.332
CAF,2000,0.333
CAF,2001,0.335
CAF,2002,0.337
CAF,2003,0.338
CAF,2004,0.342
CAF,2005,0.346
CAF,2006,0.35
CAF,2007,0.356
CAF,2008,0.362
CAF,2010,0.358
CAF,2011,0.377
CAF,2012,0.385
CAF,2013,0.359
CAF,2014,0.319
CAF,2015,0.377
CAF,2016,0.376
CAF,2017,0.356
CAF,2018,0.391
CAF,2019,0.279
CAF,2020,0.386
CAF,2021,0.339
CAF,2023,0.414
CAN,1990,0.865
CAN,1991,0.868
CAN,1992,0.873
CAN,1993,0.871
CAN,1994,0.877
CAN,1995,0.881
CAN,1996,0.884
CAN,1997,0.884
CAN,1998,0.883
CAN,1999,0.888
CAN,2000,0.894
CAN,2001,0.897
CAN,2002,0.899
CAN,2003,0.902
CAN,2004,0.906
CAN,2005,0.909
CAN,2006,0.913
CAN,2007,0.914
CAN,2008,0.916
CAN,2009,0.915
CAN,2010,0.918
CAN,2011,0.921
CAN,2012,0.927
CAN,2013,0.93
CAN,2014,0.932
CAN,2015,0.932
CAN,2016,0.933
CAN,2017,0.935
CAN,2018,0.935
CAN,2019,0.937
CAN,2020,0.931
CAN,2021,0.937
CAN,2022,0.935
CAN,2023,0.939
CHE,1990,0.858
CHE,1991,0.86
CHE,1992,0.863
CHE,1993,0.867
CHE,1994,0.87
CHE,1995,0.872
CHE,1996,0.875
CHE,1997,0.88
CHE,1998,0.886
CHE,1999,0.889
CHE,2000,0.892
CHE,2001,0.895
CHE,2002,0.896
CHE,2003,0.901
CHE,2004,0.906
CHE,2005,0.909
CHE,2006,0.918
CHE,2007,0.926
CHE,2008,0.934
CHE,2009,0.942
CHE,2010,0.945
CHE,2011,0.946
CHE,2012,0.949
CHE,2013,0.952
CHE,2014,0.956
CHE,2015,0.957
CHE,2016,0.959
CHE,2017,0.96
CHE,2018,0.962
CHE,2019,0.965
CHE,2020,0.963
CHE,2021,0.968
CHE,2022,0.966
CHE,2023,0.97
CHL,1990,0.718
CHL,1991,0.723
CHL,1992,0.73
CHL,1993,0.725
CHL,1994,0.73
CHL,1995,0.739
CHL,1996,0.745
CHL,1997,0.752
CHL,1998,0.759
CHL,1999,0.766
CHL,2000,0.771
CHL,2001,0.778
CHL,2002,0.784
CHL,2003,0.789
CHL,2004,0.797
CHL,2005,0.804
CHL,2006,0.804
CHL,2007,0.812
CHL,2008,0.82
CHL,2009,0.819
CHL,2010,0.823
CHL,2011,0.823
CHL,2012,0.832
CHL,2013,0.845
CHL,2014,0.849
CHL,2015,0.855
CHL,2016,0.859
CHL,2017,0.862
CHL,2018,0.866
CHL,2019,0.867
CHL,2020,0.856
CHL,2021,0.865
CHL,2022,0.869
CHL,2023,0.878
CHN,1990,0.491
CHN,1991,0.499
CHN,1992,0.511
CHN,1993,0.522
CHN,1994,0.532
CHN,1995,0.543
CHN,1996,0.555
CHN,1997,0.566
CHN,1998,0.576
CHN,1999,0.587
CHN,2000,0.598
CHN,2001,0.608
CHN,2002,0.619
CHN,2003,0.63
CHN,2004,0.642
CHN,2005,0.654
CHN,2006,0.666
CHN,2007,0.68
CHN,2008,0.689
CHN,2009,0.7
CHN,2010,0.71
CHN,2011,0.717
CHN,2012,0.725
CHN,2013,0.733
CHN,2014,0.742
CHN,2015,0.75
CHN,2016,0.758
CHN,2017,0.765
CHN,2018,0.774
CHN,2019,0.781
CHN,2020,0.786
CHN,2021,0.794
CHN,2022,0.796
CHN,2023,0.797
CIV,1990,0.389
CIV,1991,0.39
CIV,1992,0.392
CIV,1993,0.393
CIV,1994,0.396
CIV,1995,0.399
CIV,1996,0.403
CIV,1997,0.409
CIV,1998,0.413
CIV,1999,0.416
CIV,2000,0.419
CIV,2001,0.422
CIV,2002,0.424
CIV,2003,0.425
CIV,2004,0.43
CIV,2005,0.435
CIV,2006,0.44
CIV,2007,0.445
CIV,2008,0.452
CIV,2009,0.458
CIV,2010,0.465
CIV,2011,0.469
CIV,2012,0.478
CIV,2013,0.487
CIV,2014,0.511
CIV,2015,0.519
CIV,2016,0.53
CIV,2017,0.539
CIV,2018,0.545
CIV,2019,0.552
CIV,2020,0.553
CIV,2021,0.557
CIV,2022,0.565
CIV,2023,0.582
CMR,1990,0.448
CMR,1991,0.445
CMR,1992,0.442
CMR,1993,0.436
CMR,1994,0.434
CMR,1995,0.433
CMR,1996,0.432
CMR,1997,0.432
CMR,1998,0.433
CMR,1999,0.434
CMR,2000,0.439
CMR,2001,0.458
CMR,2002,0.458
CMR,2003,0.465
CMR,2004,0.47
CMR,2005,0.472
CMR,2006,0.473
CMR,2007,0.485
CMR,2008,0.501
CMR,2009,0.516
CMR,2010,0.529
CMR,2011,0.538
CMR,2012,0.549
CMR,2013,0.558
CMR,2014,0.566
CMR,2015,0.575
CMR,2016,0.579
CMR,2017,0.581
CMR,2018,0.582
CMR,2019,0.582
CMR,2020,0.579
CMR,2021,0.574
CMR,2022,0.581
CMR,2023,0.588
COD,1990,0.388
COD,1991,0.389
COD,1992,0.387
COD,1993,0.385
COD,1994,0.382
COD,1995,0.385
COD,1996,0.386
COD,1997,0.388
COD,1998,0.385
COD,1999,0.383
COD,2000,0.391
COD,2001,0.389
COD,2002,0.392
COD,2003,0.398
COD,2004,0.403
COD,2005,0.408
COD,2006,0.413
COD,2007,0.417
COD,2008,0.426
COD,2009,0.431
COD,2010,0.44
COD,2011,0.447
COD,2012,0.451
COD,2013,0.456
COD,2014,0.467
COD,2015,0.477
COD,2016,0.487
COD,2017,0.491
COD,2018,0.497
COD,2019,0.501
COD,2020,0.506
COD,2021,0.508
COD,2022,0.514
COD,2023,0.522
COG,1990,0.573
COG,1991,0.571
COG,1992,0.572
COG,1993,0.566
COG,1994,0.561
COG,1995,0.551
COG,1996,0.55
COG,1997,0.516
COG,1998,0.542
COG,1999,0.544
COG,2000,0.545
COG,2001,0.55
COG,2002,0.552
COG,2003,0.553
COG,2004,0.557
COG,2005,0.569
COG,2006,0.582
COG,2007,0.583
COG,2008,0.591
COG,2009,0.602
COG,2010,0.609
COG,2011,0.613
COG,2012,0.624
COG,2013,0.63
COG,2014,0.639
COG,2015,0.643
COG,2016,0.64
COG,2017,0.635
COG,2018,0.64
COG,2019,0.634
COG,2020,0.643
COG,2021,0.643
COG,2022,0.644
COG,2023,0.649
COL,1990,0.623
COL,1991,0.63
COL,1992,0.639
COL,1993,0.645
COL,1994,0.65
COL,1995,0.655
COL,1996,0.663
COL,1997,0.67
COL,1998,0.676
COL,1999,0.673
COL,2000,0.679
COL,2001,0.681
COL,2002,0.684
COL,2003,0.691
COL,2004,0.699
COL,2005,0.711
COL,2006,0.712
COL,2007,0.724
COL,2008,0.731
COL,2009,0.736
COL,2010,0.741
COL,2011,0.747
COL,2012,0.748
COL,2013,0.76
COL,2014,0.763
COL,2015,0.767
COL,2016,0.772
COL,2017,0.774
COL,2018,0.775
COL,2019,0.777
COL,2020,0.764
COL,2021,0.762
COL,2022,0.782
COL,2023,0.788
COM,2000,0.461
COM,2001,0.47
COM,2002,0.477
COM,2003,0.485
COM,2004,0.492
COM,2005,0.499
COM,2006,0.506
COM,2007,0.512
COM,2008,0.519
COM,2009,0.526
COM,2010,0.534
COM,2011,0.541
COM,2012,0.548
COM,2013,0.556
COM,2014,0.56
COM,2015,0.565
COM,2016,0.571
COM,2017,0.577
COM,2018,0.584
COM,2019,0.589
COM,2020,0.592
COM,2021,0.594
COM,2022,0.602
COM,2023,0.603
CPV,2000,0.585
CPV,2001,0.591
CPV,2002,0.6
CPV,2003,0.606
CPV,2004,0.61
CPV,2005,0.616
CPV,2006,0.631
CPV,2007,0.636
CPV,2008,0.643
CPV,2009,0.644
CPV,2010,0.648
CPV,2011,0.654
CPV,2012,0.655
CPV,2013,0.66
CPV,2014,0.659
CPV,2015,0.658
CPV,2016,0.661
CPV,2017,0.663
CPV,2018,0.663
CPV,2019,0.667
CPV,2020,0.647
CPV,2021,0.651
CPV,2022,0.664
CPV,2023,0.668
CRI,1990,0.677
CRI,1991,0.682
CRI,1992,0.691
CRI,1993,0.696
CRI,1994,0.701
CRI,1995,0.706
CRI,1996,0.707
CRI,1997,0.712
CRI,1998,0.714
CRI,1999,0.717
CRI,2000,0.72
CRI,2001,0.726
CRI,2002,0.73
CRI,2003,0.736
CRI,2004,0.741
CRI,2005,0.748
CRI,2006,0.755
CRI,2007,0.76
CRI,2008,0.769
CRI,2009,0.773
CRI,2010,0.776
CRI,2011,0.783
CRI,2012,0.789
CRI,2013,0.795
CRI,2014,0.802
CRI,2015,0.803
CRI,2016,0.805
CRI,2017,0.809
CRI,2018,0.813
CRI,2019,0.821
CRI,2020,0.819
CRI,2021,0.817
CRI,2022,0.823
CRI,2023,0.833
CUB,1990,0.687
CUB,1991,0.681
CUB,1992,0.674
CUB,1993,0.665
CUB,1994,0.662
CUB,1995,0.664
CUB,1996,0.675
CUB,1997,0.679
CUB,1998,0.683
CUB,1999,0.69
CUB,2000,0.697
CUB,2001,0.705
CUB,2002,0.711
CUB,2003,0.721
CUB,2004,0.734
CUB,2005,0.747
CUB,2006,0.766
CUB,2007,0.78
CUB,2008,0.788
CUB,2009,0.788
CUB,2010,0.783
CUB,2011,0.781
CUB,2012,0.777
CUB,2013,0.771
CUB,2014,0.77
CUB,2015,0.769
CUB,2016,0.767
CUB,2017,0.767
CUB,2018,0.769
CUB,2019,0.769
CUB,2020,0.762
CUB,2021,0.745
CUB,2022,0.764
CUB,2023,0.762
CYP,1990,0.749
CYP,1991,0.754
CYP,1992,0.761
CYP,1993,0.764
CYP,1994,0.771
CYP,1995,0.777
CYP,1996,0.782
CYP,1997,0.788
CYP,1998,0.798
CYP,1999,0.802
CYP,2000,0.808
CYP,2001,0.815
CYP,2002,0.827
CYP,2003,0.835
CYP,2004,0.84
CYP,2005,0.844
CYP,2006,0.85
CYP,2007,0.855
CYP,2008,0.862
CYP,2009,0.867
CYP,2010,0.869
CYP,2011,0.872
CYP,2012,0.872
CYP,2013,0.873
CYP,2014,0.875
CYP,2015,0.882
CYP,2016,0.888
CYP,2017,0.897
CYP,2018,0.902
CYP,2019,0.907
CYP,2020,0.905
CYP,2021,0.907
CYP,2022,0.908
CYP,2023,0.913
CZE,1990,0.753
CZE,1991,0.751
CZE,1992,0.752
CZE,1993,0.76
CZE,1994,0.771
CZE,1995,0.781
CZE,1996,0.793
CZE,1997,0.797
CZE,1998,0.802
CZE,1999,0.806
CZE,2000,0.817
CZE,2001,0.828
CZE,2002,0.835
CZE,2003,0.842
CZE,2004,0.848
CZE,2005,0.856
CZE,2006,0.864
CZE,2007,0.87
CZE,2008,0.873
CZE,2009,0.875
CZE,2010,0.88
CZE,2011,0.883
CZE,2012,0.885
CZE,2013,0.892
CZE,2014,0.898
CZE,2015,0.9
CZE,2016,0.902
CZE,2017,0.904
CZE,2018,0.901
CZE,2019,0.903
CZE,2020,0.898
CZE,2021,0.901
CZE,2022,0.911
CZE,2023,0.915
DEU,1990,0.834
DEU,1991,0.841
DEU,1992,0.849
DEU,1993,0.859
DEU,1994,0.865
DEU,1995,0.87
DEU,1996,0.875
DEU,1997,0.881
DEU,1998,0.887
DEU,1999,0.892
DEU,2000,0.897
DEU,2001,0.904
DEU,2002,0.909
DEU,2003,0.914
DEU,2004,0.923
DEU,2005,0.923
DEU,2006,0.927
DEU,2007,0.931
DEU,2008,0.933
DEU,2009,0.933
DEU,2010,0.936
DEU,2011,0.942
DEU,2012,0.944
DEU,2013,0.945
DEU,2014,0.949
DEU,2015,0.948
DEU,2016,0.949
DEU,2017,0.951
DEU,2018,0.952
DEU,2019,0.957
DEU,2020,0.955
DEU,2021,0.958
DEU,2022,0.955
DEU,2023,0.959
DJI,1995,0.318
DJI,1996,0.32
DJI,1997,0.324
DJI,1998,0.327
DJI,1999,0.333
DJI,2000,0.337
DJI,2001,0.342
DJI,2002,0.349
DJI,2003,0.36
DJI,2004,0.368
DJI,2005,0.375
DJI,2006,0.385
DJI,2007,0.392
DJI,2008,0.4
DJI,2009,0.411
DJI,2010,0.421
DJI,2011,0.432
DJI,2012,0.442
DJI,2013,0.45
DJI,2014,0.459
DJI,2015,0.469
DJI,2016,0.477
DJI,2017,0.484
DJI,2018,0.492
DJI,2019,0.497
DJI,2020,0.499
DJI,2021,0.501
DJI,2022,0.51
DJI,2023,0.513
DMA,2000,0.721
DMA,2001,0.725
DMA,2002,0.724
DMA,2003,0.728
DMA,2004,0.73
DMA,2005,0.732
DMA,2006,0.737
DMA,2007,0.74
DMA,2008,0.745
DMA,2009,0.746
DMA,2010,0.747
DMA,2011,0.745
DMA,2012,0.745
DMA,2013,0.745
DMA,2014,0.748
DMA,2015,0.741
DMA,2016,0.751
DMA,2017,0.735
DMA,2018,0.755
DMA,2019,0.758
DMA,2020,0.753
DMA,2021,0.749
DMA,2022,0.759
DMA,2023,0.761
DNK,1990,0.844
DNK,1991,0.848
DNK,1992,0.85
DNK,1993,0.853
DNK,1994,0.859
DNK,1995,0.862
DNK,1996,0.87
DNK,1997,0.876
DNK,1998,0.883
DNK,1999,0.894
DNK,2000,0.896
DNK,2001,0.902
DNK,2002,0.902
DNK,2003,0.907
DNK,2004,0.912
DNK,2005,0.917
DNK,2006,0.917
DNK,2007,0.918
DNK,2008,0.922
DNK,2009,0.915
DNK,2010,0.92
DNK,2011,0.934
DNK,2012,0.938
DNK,2013,0.941
DNK,2014,0.939
DNK,2015,0.943
DNK,2016,0.951
DNK,2017,0.951
DNK,2018,0.95
DNK,2019,0.953
DNK,2020,0.954
DNK,2021,0.958
DNK,2022,0.959
DNK,2023,0.962
DOM,1990,0.589
DOM,1991,0.594
DOM,1992,0.604
DOM,1993,0.611
DOM,1994,0.617
DOM,1995,0.624
DOM,1996,0.631
DOM,1997,0.639
DOM,1998,0.645
DOM,1999,0.652
DOM,2000,0.658
DOM,2001,0.663
DOM,2002,0.668
DOM,2003,0.67
DOM,2004,0.673
DOM,2005,0.683
DOM,2006,0.691
DOM,2007,0.698
DOM,2008,0.704
DOM,2009,0.707
DOM,2010,0.715
DOM,2011,0.721
DOM,2012,0.727
DOM,2013,0.731
DOM,2014,0.737
DOM,2015,0.747
DOM,2016,0.766
DOM,2017,0.77
DOM,2018,0.773
DOM,2019,0.771
DOM,2020,0.767
DOM,2021,0.762
DOM,2022,0.778
DOM,2023,0.776
DZA,1990,0.595
DZA,1991,0.596
DZA,1992,0.601
DZA,1993,0.603
DZA,1994,0.603
DZA,1995,0.608
DZA,1996,0.615
DZA,1997,0.624
DZA,1998,0.634
DZA,1999,0.643
DZA,2000,0.651
DZA,2001,0.659
DZA,2002,0.669
DZA,2003,0.677
DZA,2004,0.685
DZA,2005,0.692
DZA,2006,0.698
DZA,2007,0.704
DZA,2008,0.711
DZA,2009,0.714
DZA,2010,0.718
DZA,2011,0.718
DZA,2012,0.723
DZA,2013,0.727
DZA,2014,0.732
DZA,2015,0.737
DZA,2016,0.743
DZA,2017,0.746
DZA,2018,0.749
DZA,2019,0.753
DZA,2020,0.742
DZA,2021,0.755
DZA,2022,0.761
DZA,2023,0.763
ECU,1990,0.646
ECU,1991,0.649
ECU,1992,0.654
ECU,1993,0.66
ECU,1994,0.667
ECU,1995,0.672
ECU,1996,0.677
ECU,1997,0.682
ECU,1998,0.684
ECU,1999,0.682
ECU,2000,0.683
ECU,2001,0.691
ECU,2002,0.698
ECU,2003,0.703
ECU,2004,0.709
ECU,2005,0.714
ECU,2006,0.718
ECU,2007,0.722
ECU,2008,0.729
ECU,2009,0.731
ECU,2010,0.737
ECU,2011,0.743
ECU,2012,0.75
ECU,2013,0.755
ECU,2014,0.76
ECU,2015,0.764
ECU,2016,0.761
ECU,2017,0.764
ECU,2018,0.767
ECU,2019,0.765
ECU,2020,0.74
ECU,2021,0.753
ECU,2022,0.773
ECU,2023,0.777
EGY,1990,0.572
EGY,1991,0.578
EGY,1992,0.586
EGY,1993,0.593
EGY,1994,0.601
EGY,1995,0.609
EGY,1996,0.617
EGY,1997,0.623
EGY,1998,0.629
EGY,1999,0.634
EGY,2000,0.639
EGY,2001,0.642
EGY,2002,0.643
EGY,2003,0.643
EGY,2004,0.645
EGY,2005,0.648
EGY,2006,0.651
EGY,2007,0.658
EGY,2008,0.665
EGY,2009,0.671
EGY,2010,0.677
EGY,2011,0.68
EGY,2012,0.689
EGY,2013,0.695
EGY,2014,0.699
EGY,2015,0.706
EGY,2016,0.713
EGY,2017,0.72
EGY,2018,0.728
EGY,2019,0.736
EGY,2020,0.736
EGY,2021,0.738
EGY,2022,0.751
EGY,2023,0.754
ERI,2005,0.474
ERI,2006,0.473
ERI,2007,0.472
ERI,2008,0.457
ERI,2009,0.462
ERI,2010,0.465
ERI,2011,0.48
ERI,2012,0.483
ERI,2013,0.479
ERI,2014,0.497
ERI,2015,0.48
ERI,2016,0.485
ERI,2017,0.48
ERI,2018,0.49
ERI,2019,0.495
ERI,2020,0.495
ERI,2021,0.496
ERI,2022,0.499
ERI,2023,0.503
ESP,1990,0.766
ESP,1991,0.774
ESP,1992,0.781
ESP,1993,0.789
ESP,1994,0.798
ESP,1995,0.804
ESP,1996,0.811
ESP,1997,0.816
ESP,1998,0.821
ESP,1999,0.825
ESP,2000,0.833
ESP,2001,0.839
ESP,2002,0.844
ESP,2003,0.846
ESP,2004,0.852
ESP,2005,0.857
ESP,2006,0.862
ESP,2007,0.864
ESP,2008,0.865
ESP,2009,0.867
ESP,2010,0.875
ESP,2011,0.879
ESP,2012,0.881
ESP,2013,0.886
ESP,2014,0.89
ESP,2015,0.895
ESP,2016,0.9
ESP,2017,0.902
ESP,2018,0.905
ESP,2019,0.91
ESP,2020,0.901
ESP,2021,0.912
ESP,2022,0.911
ESP,2023,0.918
EST,1990,0.738
EST,1991,0.734
EST,1992,0.722
EST,1993,0.713
EST,1994,0.711
EST,1995,0.725
EST,1996,0.746
EST,1997,0.759
EST,1998,0.767
EST,1999,0.776
EST,2000,0.793
EST,2001,0.802
EST,2002,0.813
EST,2003,0.824
EST,2004,0.834
EST,2005,0.847
EST,2006,0.855
EST,2007,0.859
EST,2008,0.864
EST,2009,0.863
EST,2010,0.868
EST,2011,0.877
EST,2012,0.88
EST,2013,0.887
EST,2014,0.885
EST,2015,0.888
EST,2016,0.89
EST,2017,0.894
EST,2018,0.897
EST,2019,0.901
EST,2020,0.901
EST,2021,0.899
EST,2022,0.902
EST,2023,0.905
ETH,2000,0.293
ETH,2001,0.307
ETH,2002,0.314
ETH,2003,0.317
ETH,2004,0.331
ETH,2005,0.35
ETH,2006,0.366
ETH,2007,0.383
ETH,2008,0.398
ETH,2009,0.405
ETH,2010,0.415
ETH,2011,0.425
ETH,2012,0.433
ETH,2013,0.441
ETH,2014,0.449
ETH,2015,0.456
ETH,2016,0.463
ETH,2017,0.47
ETH,2018,0.476
ETH,2019,0.482
ETH,2020,0.486
ETH,2021,0.487
ETH,2022,0.494
ETH,2023,0.497
FIN,1990,0.823
FIN,1991,0.827
FIN,1992,0.833
FIN,1993,0.838
FIN,1994,0.85
FIN,1995,0.856
FIN,1996,0.863
FIN,1997,0.871
FIN,1998,0.88
FIN,1999,0.889
FIN,2000,0.898
FIN,2001,0.908
FIN,2002,0.912
FIN,2003,0.915
FIN,2004,0.911
FIN,2005,0.914
FIN,2006,0.917
FIN,2007,0.92
FIN,2008,0.921
FIN,2009,0.916
FIN,2010,0.92
FIN,2011,0.924
FIN,2012,0.924
FIN,2013,0.934
FIN,2014,0.936
FIN,2015,0.938
FIN,2016,0.94
FIN,2017,0.942
FIN,2018,0.945
FIN,2019,0.947
FIN,2020,0.947
FIN,2021,0.949
FIN,2022,0.946
FIN,2023,0.948
FJI,1990,0.629
FJI,1991,0.633
FJI,1992,0.637
FJI,1993,0.642
FJI,1994,0.648
FJI,1995,0.653
FJI,1996,0.657
FJI,1997,0.658
FJI,1998,0.66
FJI,1999,0.667
FJI,2000,0.668
FJI,2001,0.67
FJI,2002,0.67
FJI,2003,0.673
FJI,2004,0.679
FJI,2005,0.681
FJI,2006,0.684
FJI,2007,0.686
FJI,2008,0.69
FJI,2009,0.693
FJI,2010,0.697
FJI,2011,0.701
FJI,2012,0.698
FJI,2013,0.708
FJI,2014,0.712
FJI,2015,0.715
FJI,2016,0.719
FJI,2017,0.725
FJI,2018,0.728
FJI,2019,0.727
FJI,2020,0.718
FJI,2021,0.705
FJI,2022,0.726
FJI,2023,0.731
FRA,1990,0.798
FRA,1991,0.807
FRA,1992,0.814
FRA,1993,0.818
FRA,1994,0.832
FRA,1995,0.837
FRA,1996,0.842
FRA,1997,0.847
FRA,1998,0.851
FRA,1999,0.856
FRA,2000,0.852
FRA,2001,0.855
FRA,2002,0.858
FRA,2003,0.862
FRA,2004,0.869
FRA,2005,0.877
FRA,2006,0.881
FRA,2007,0.884
FRA,2008,0.884
FRA,2009,0.883
FRA,2010,0.888
FRA,2011,0.892
FRA,2012,0.893
FRA,2013,0.896
FRA,2014,0.9
FRA,2015,0.901
FRA,2016,0.905
FRA,2017,0.908
FRA,2018,0.911
FRA,2019,0.914
FRA,2020,0.909
FRA,2021,0.915
FRA,2022,0.916
FRA,2023,0.92
FSM,2000,0.596
FSM,2001,0.599
FSM,2002,0.596
FSM,2003,0.601
FSM,2004,0.6
FSM,2005,0.601
FSM,2006,0.602
FSM,2007,0.601
FSM,2008,0.6
FSM,2009,0.601
FSM,2010,0.603
FSM,2011,0.605
FSM,2012,0.605
FSM,2013,0.603
FSM,2014,0.602
FSM,2015,0.604
FSM,2016,0.606
FSM,2017,0.607
FSM,2018,0.608
FSM,2019,0.611
FSM,2020,0.609
FSM,2021,0.611
FSM,2022,0.614
FSM,2023,0.615
GAB,1990,0.621
GAB,1991,0.627
GAB,1992,0.628
GAB,1993,0.631
GAB,1994,0.636
GAB,1995,0.64
GAB,1996,0.644
GAB,1997,0.648
GAB,1998,0.654
GAB,1999,0.653
GAB,2000,0.652
GAB,2001,0.657
GAB,2002,0.661
GAB,2003,0.664
GAB,2004,0.665
GAB,2005,0.671
GAB,2006,0.67
GAB,2007,0.674
GAB,2008,0.675
GAB,2009,0.681
GAB,2010,0.684
GAB,2011,0.69
GAB,2012,0.699
GAB,2013,0.707
GAB,2014,0.716
GAB,2015,0.72
GAB,2016,0.724
GAB,2017,0.726
GAB,2018,0.727
GAB,2019,0.73
GAB,2020,0.732
GAB,2021,0.72
GAB,2022,0.73
GAB,2023,0.733
GBR,1990,0.812
GBR,1991,0.816
GBR,1992,0.824
GBR,1993,0.827
GBR,1994,0.836
GBR,1995,0.835
GBR,1996,0.841
GBR,1997,0.849
GBR,1998,0.856
GBR,1999,0.862
GBR,2000,0.87
GBR,2001,0.876
GBR,2002,0.881
GBR,2003,0.886
GBR,2004,0.897
GBR,2005,0.903
GBR,2006,0.902
GBR,2007,0.905
GBR,2008,0.91
GBR,2009,0.915
GBR,2010,0.921
GBR,2011,0.916
GBR,2012,0.917
GBR,2013,0.931
GBR,2014,0.932
GBR,2015,0.931
GBR,2016,0.934
GBR,2017,0.937
GBR,2018,0.936
GBR,2019,0.941
GBR,2020,0.93
GBR,2021,0.941
GBR,2022,0.946
GBR,2023,0.946
GEO,2000,0.705
GEO,2001,0.712
GEO,2002,0.719
GEO,2003,0.733
GEO,2004,0.737
GEO,2005,0.744
GEO,2006,0.75
GEO,2007,0.76
GEO,2008,0.757
GEO,2009,0.76
GEO,2010,0.77
GEO,2011,0.78
GEO,2012,0.789
GEO,2013,0.796
GEO,2014,0.802
GEO,2015,0.807
GEO,2016,0.809
GEO,2017,0.816
GEO,2018,0.824
GEO,2019,0.83
GEO,2020,0.822
GEO,2021,0.819
GEO,2022,0.838
GEO,2023,0.844
GHA,1990,0.432
GHA,1991,0.438
GHA,1992,0.444
GHA,1993,0.45
GHA,1994,0.453
GHA,1995,0.459
GHA,1996,0.465
GHA,1997,0.469
GHA,1998,0.475
GHA,1999,0.48
GHA,2000,0.487
GHA,2001,0.486
GHA,2002,0.493
GHA,2003,0.495
GHA,2004,0.503
GHA,2005,0.515
GHA,2006,0.524
GHA,2007,0.534
GHA,2008,0.546
GHA,2009,0.551
GHA,2010,0.558
GHA,2011,0.568
GHA,2012,0.575
GHA,2013,0.582
GHA,2014,0.58
GHA,2015,0.588
GHA,2016,0.59
GHA,2017,0.594
GHA,2018,0.6
GHA,2019,0.609
GHA,2020,0.614
GHA,2021,0.618
GHA,2022,0.625
GHA,2023,0.628
GIN,1990,0.282
GIN,1991,0.287
GIN,1992,0.293
GIN,1993,0.3
GIN,1994,0.307
GIN,1995,0.314
GIN,1996,0.323
GIN,1997,0.332
GIN,1998,0.342
GIN,1999,0.351
GIN,2000,0.359
GIN,2001,0.366
GIN,2002,0.377
GIN,2003,0.384
GIN,2004,0.391
GIN,2005,0.401
GIN,2006,0.409
GIN,2007,0.416
GIN,2008,0.422
GIN,2009,0.424
GIN,2010,0.43
GIN,2011,0.436
GIN,2012,0.44
GIN,2013,0.445
GIN,2014,0.451
GIN,2015,0.465
GIN,2016,0.482
GIN,2017,0.482
GIN,2018,0.479
GIN,2019,0.486
GIN,2020,0.488
GIN,2021,0.49
GIN,2022,0.498
GIN,2023,0.5
GMB,1990,0.331
GMB,1991,0.339
GMB,1992,0.347
GMB,1993,0.355
GMB,1994,0.362
GMB,1995,0.37
GMB,1996,0.377
GMB,1997,0.381
GMB,1998,0.389
GMB,1999,0.396
GMB,2000,0.403
GMB,2001,0.41
GMB,2002,0.415
GMB,2003,0.422
GMB,2004,0.432
GMB,2005,0.436
GMB,2006,0.441
GMB,2007,0.447
GMB,2008,0.455
GMB,2009,0.459
GMB,2010,0.463
GMB,2011,0.463
GMB,2012,0.469
GMB,2013,0.474
GMB,2014,0.477
GMB,2015,0.482
GMB,2016,0.487
GMB,2017,0.493
GMB,2018,0.5
GMB,2019,0.508
GMB,2020,0.512
GMB,2021,0.513
GMB,2022,0.519
GMB,2023,0.524
GNB,2005,0.412
GNB,2006,0.424
GNB,2007,0.431
GNB,2008,0.436
GNB,2009,0.444
GNB,2010,0.452
GNB,2011,0.46
GNB,2012,0.462
GNB,2013,0.469
GNB,2014,0.476
GNB,2015,0.481
GNB,2016,0.486
GNB,2017,0.491
GNB,2018,0.493
GNB,2019,0.501
GNB,2020,0.498
GNB,2021,0.502
GNB,2022,0.511
GNB,2023,0.514
GNQ,2000,0.508
GNQ,2001,0.521
GNQ,2002,0.536
GNQ,2003,0.541
GNQ,2004,0.552
GNQ,2005,0.566
GNQ,2006,0.591
GNQ,2007,0.603
GNQ,2008,0.613
GNQ,2009,0.615
GNQ,2010,0.612
GNQ,2011,0.624
GNQ,2012,0.635
GNQ,2013,0.644
GNQ,2014,0.652
GNQ,2015,0.656
GNQ,2016,0.659
GNQ,2017,0.661
GNQ,2018,0.663
GNQ,2019,0.667
GNQ,2020,0.668
GNQ,2021,0.671
GNQ,2022,0.677
GNQ,2023,0.674
GRC,1990,0.77
GRC,1991,0.78
GRC,1992,0.782
GRC,1993,0.784
GRC,1994,0.79
GRC,1995,0.792
GRC,1996,0.796
GRC,1997,0.803
GRC,1998,0.813
GRC,1999,0.816
GRC,2000,0.828
GRC,2001,0.837
GRC,2002,0.836
GRC,2003,0.842
GRC,2004,0.851
GRC,2005,0.863
GRC,2006,0.871
GRC,2007,0.866
GRC,2008,0.871
GRC,2009,0.874
GRC,2010,0.876
GRC,2011,0.874
GRC,2012,0.874
GRC,2013,0.879
GRC,2014,0.886
GRC,2015,0.888
GRC,2016,0.884
GRC,2017,0.887
GRC,2018,0.893
GRC,2019,0.896
GRC,2020,0.896
GRC,2021,0.897
GRC,2022,0.897
GRC,2023,0.908
GRD,2002,0.744
GRD,2003,0.751
GRD,2004,0.746
GRD,2005,0.764
GRD,2006,0.764
GRD,2007,0.768
GRD,2008,0.771
GRD,2009,0.767
GRD,2010,0.771
GRD,2011,0.773
GRD,2012,0.774
GRD,2013,0.777
GRD,2014,0.779
GRD,2015,0.782
GRD,2016,0.784
GRD,2017,0.784
GRD,2018,0.788
GRD,2019,0.789
GRD,2020,0.782
GRD,2021,0.782
GRD,2022,0.789
GRD,2023,0.791
GTM,1990,0.499
GTM,1991,0.503
GTM,1992,0.506
GTM,1993,0.51
GTM,1994,0.515
GTM,1995,0.522
GTM,1996,0.53
GTM,1997,0.539
GTM,1998,0.548
GTM,1999,0.556
GTM,2000,0.563
GTM,2001,0.567
GTM,2002,0.572
GTM,2003,0.577
GTM,2004,0.58
GTM,2005,0.583
GTM,2006,0.59
GTM,2007,0.601
GTM,2008,0.609
GTM,2009,0.616
GTM,2010,0.623
GTM,2011,0.628
GTM,2012,0.631
GTM,2013,0.633
GTM,2014,0.65
GTM,2015,0.638
GTM,2016,0.642
GTM,2017,0.647
GTM,2018,0.649
GTM,2019,0.653
GTM,2020,0.645
GTM,2021,0.639
GTM,2022,0.655
GTM,2023,0.662
GUY,1990,0.494
GUY,1991,0.491
GUY,1992,0.507
GUY,1993,0.521
GUY,1994,0.531
GUY,1995,0.536
GUY,1996,0.546
GUY,1997,0.552
GUY,1998,0.557
GUY,1999,0.562
GUY,2000,0.567
GUY,2001,0.575
GUY,2002,0.58
GUY,2003,0.587
GUY,2004,0.6
GUY,2005,0.61
GUY,2006,0.619
GUY,2007,0.626
GUY,2008,0.632
GUY,2009,0.637
GUY,2010,0.647
GUY,2011,0.659
GUY,2012,0.664
GUY,2013,0.669
GUY,2014,0.678
GUY,2015,0.683
GUY,2016,0.69
GUY,2017,0.696
GUY,2018,0.702
GUY,2019,0.709
GUY,2020,0.722
GUY,2021,0.713
GUY,2022,0.763
GUY,2023,0.776
HKG,1990,0.755
HKG,1991,0.764
HKG,1992,0.773
HKG,1993,0.784
HKG,1994,0.793
HKG,1995,0.8
HKG,1996,0.808
HKG,1997,0.817
HKG,1998,0.823
HKG,1999,0.83
HKG,2000,0.839
HKG,2001,0.847
HKG,2002,0.854
HKG,2003,0.861
HKG,2004,0.866
HKG,2005,0.872
HKG,2006,0.879
HKG,2007,0.891
HKG,2008,0.907
HKG,2009,0.909
HKG,2010,0.912
HKG,2011,0.918
HKG,2012,0.923
HKG,2013,0.928
HKG,2014,0.932
HKG,2015,0.937
HKG,2016,0.94
HKG,2017,0.946
HKG,2018,0.952
HKG,2019,0.952
HKG,2020,0.95
HKG,2021,0.961
HKG,2022,0.95
HKG,2023,0.955
HND,1990,0.516
HND,1991,0.519
HND,1992,0.523
HND,1993,0.529
HND,1994,0.532
HND,1995,0.537
HND,1996,0.541
HND,1997,0.547
HND,1998,0.529
HND,1999,0.552
HND,2000,0.558
HND,2001,0.561
HND,2002,0.564
HND,2003,0.568
HND,2004,0.573
HND,2005,0.578
HND,2006,0.582
HND,2007,0.587
HND,2008,0.592
HND,2009,0.594
HND,2010,0.596
HND,2011,0.598
HND,2012,0.597
HND,2013,0.601
HND,2014,0.604
HND,2015,0.61
HND,2016,0.616
HND,2017,0.618
HND,2018,0.619
HND,2019,0.632
HND,2020,0.625
HND,2021,0.628
HND,2022,0.643
HND,2023,0.645
HRV,1995,0.713
HRV,1996,0.725
HRV,1997,0.734
HRV,1998,0.744
HRV,1999,0.753
HRV,2000,0.769
HRV,2001,0.785
HRV,2002,0.792
HRV,2003,0.798
HRV,2004,0.807
HRV,2005,0.814
HRV,2006,0.819
HRV,2007,0.825
HRV,2008,0.827
HRV,2009,0.826
HRV,2010,0.831
HRV,2011,0.836
HRV,2012,0.839
HRV,2013,0.846
HRV,2014,0.848
HRV,2015,0.852
HRV,2016,0.856
HRV,2017,0.862
HRV,2018,0.867
HRV,2019,0.872
HRV,2020,0.867
HRV,2021,0.876
HRV,2022,0.886
HRV,2023,0.889
HTI,1990,0.461
HTI,1991,0.464
HTI,1992,0.466
HTI,1993,0.467
HTI,1994,0.463
HTI,1995,0.473
HTI,1996,0.479
HTI,1997,0.484
HTI,1998,0.488
HTI,1999,0.493
HTI,2000,0.497
HTI,2001,0.5
HTI,2002,0.504
HTI,2003,0.508
HTI,2004,0.505
HTI,2005,0.516
HTI,2006,0.52
HTI,2007,0.524
HTI,2008,0.528
HTI,2009,0.534
HTI,2010,0.452
HTI,2011,0.536
HTI,2012,0.54
HTI,2013,0.545
HTI,2014,0.549
HTI,2015,0.552
HTI,2016,0.555
HTI,2017,0.559
HTI,2018,0.561
HTI,2019,0.56
HTI,2020,0.555
HTI,2021,0.548
HTI,2022,0.552
HTI,2023,0.554
HUN,1990,0.73
HUN,1991,0.724
HUN,1992,0.722
HUN,1993,0.729
HUN,1994,0.739
HUN,1995,0.744
HUN,1996,0.752
HUN,1997,0.758
HUN,1998,0.764
HUN,1999,0.771
HUN,2000,0.781
HUN,2001,0.791
HUN,2002,0.8
HUN,2003,0.807
HUN,2004,0.811
HUN,2005,0.816
HUN,2006,0.823
HUN,2007,0.826
HUN,2008,0.833
HUN,2009,0.834
HUN,2010,0.838
HUN,2011,0.841
HUN,2012,0.841
HUN,2013,0.85
HUN,2014,0.848
HUN,2015,0.847
HUN,2016,0.851
HUN,2017,0.853
HUN,2018,0.857
HUN,2019,0.861
HUN,2020,0.857
HUN,2021,0.852
HUN,2022,0.867
HUN,2023,0.87
IDN,1990,0.531
IDN,1991,0.538
IDN,1992,0.545
IDN,1993,0.555
IDN,1994,0.565
IDN,1995,0.575
IDN,1996,0.585
IDN,1997,0.595
IDN,1998,0.591
IDN,1999,0.595
IDN,2000,0.6
IDN,2001,0.608
IDN,2002,0.617
IDN,2003,0.625
IDN,2004,0.624
IDN,2005,0.638
IDN,2006,0.646
IDN,2007,0.649
IDN,2008,0.653
IDN,2009,0.663
IDN,2010,0.67
IDN,2011,0.678
IDN,2012,0.686
IDN,2013,0.69
IDN,2014,0.693
IDN,2015,0.701
IDN,2016,0.705
IDN,2017,0.712
IDN,2018,0.715
IDN,2019,0.714
IDN,2020,0.71
IDN,2021,0.707
IDN,2022,0.726
IDN,2023,0.728
IND,1990,0.446
IND,1991,0.448
IND,1992,0.453
IND,1993,0.458
IND,1994,0.463
IND,1995,0.469
IND,1996,0.476
IND,1997,0.482
IND,1998,0.488
IND,1999,0.496
IND,2000,0.501
IND,2001,0.511
IND,2002,0.516
IND,2003,0.529
IND,2004,0.538
IND,2005,0.547
IND,2006,0.557
IND,2007,0.566
IND,2008,0.574
IND,2009,0.579
IND,2010,0.59
IND,2011,0.603
IND,2012,0.609
IND,2013,0.615
IND,2014,0.625
IND,2015,0.633
IND,2016,0.644
IND,2017,0.649
IND,2018,0.648
IND,2019,0.651
IND,2020,0.652
IND,2021,0.647
IND,2022,0.676
IND,2023,0.685
IRL,1990,0.776
IRL,1991,0.78
IRL,1992,0.787
IRL,1993,0.794
IRL,1994,0.805
IRL,1995,0.809
IRL,1996,0.816
IRL,1997,0.823
IRL,1998,0.855
IRL,1999,0.858
IRL,2000,0.869
IRL,2001,0.876
IRL,2002,0.883
IRL,2003,0.891
IRL,2004,0.899
IRL,2005,0.905
IRL,2006,0.908
IRL,2007,0.911
IRL,2008,0.907
IRL,2009,0.907
IRL,2010,0.915
IRL,2011,0.909
IRL,2012,0.911
IRL,2013,0.915
IRL,2014,0.921
IRL,2015,0.931
IRL,2016,0.936
IRL,2017,0.941
IRL,2018,0.944
IRL,2019,0.947
IRL,2020,0.948
IRL,2021,0.946
IRL,2022,0.947
IRL,2023,0.949
IRN,1990,0.626
IRN,1991,0.645
IRN,1992,0.652
IRN,1993,0.658
IRN,1994,0.664
IRN,1995,0.672
IRN,1996,0.681
IRN,1997,0.687
IRN,1998,0.695
IRN,1999,0.703
IRN,2000,0.71
IRN,2001,0.719
IRN,2002,0.727
IRN,2003,0.732
IRN,2004,0.741
IRN,2005,0.746
IRN,2006,0.757
IRN,2007,0.761
IRN,2008,0.765
IRN,2009,0.771
IRN,2010,0.778
IRN,2011,0.787
IRN,2012,0.795
IRN,2013,0.794
IRN,2014,0.795
IRN,2015,0.788
IRN,2016,0.791
IRN,2017,0.793
IRN,2018,0.79
IRN,2019,0.787
IRN,2020,0.775
IRN,2021,0.777
IRN,2022,0.793
IRN,2023,0.799
IRQ,1990,0.531
IRQ,1991,0.504
IRQ,1992,0.532
IRQ,1993,0.55
IRQ,1994,0.547
IRQ,1995,0.538
IRQ,1996,0.557
IRQ,1997,0.565
IRQ,1998,0.58
IRQ,1999,0.589
IRQ,2000,0.592
IRQ,2001,0.598
IRQ,2002,0.6
IRQ,2003,0.582
IRQ,2004,0.604
IRQ,2005,0.609
IRQ,2006,0.611
IRQ,2007,0.618
IRQ,2008,0.634
IRQ,2009,0.644
IRQ,2010,0.65
IRQ,2011,0.656
IRQ,2012,0.664
IRQ,2013,0.668
IRQ,2014,0.671
IRQ,2015,0.675
IRQ,2016,0.676
IRQ,2017,0.681
IRQ,2018,0.689
IRQ,2019,0.693
IRQ,2020,0.68
IRQ,2021,0.687
IRQ,2022,0.695
IRQ,2023,0.695
ISL,1990,0.841
ISL,1991,0.853
ISL,1992,0.86
ISL,1993,0.863
ISL,1994,0.868
ISL,1995,0.863
ISL,1996,0.873
ISL,1997,0.881
ISL,1998,0.893
ISL,1999,0.895
ISL,2000,0.902
ISL,2001,0.91
ISL,2002,0.917
ISL,2003,0.925
ISL,2004,0.928
ISL,2005,0.935
ISL,2006,0.936
ISL,2007,0.941
ISL,2008,0.935
ISL,2009,0.934
ISL,2010,0.935
ISL,2011,0.941
ISL,2012,0.946
ISL,2013,0.95
ISL,2014,0.954
ISL,2015,0.956
ISL,2016,0.959
ISL,2017,0.962
ISL,2018,0.966
ISL,2019,0.969
ISL,2020,0.965
ISL,2021,0.967
ISL,2022,0.964
ISL,2023,0.972
ISR,1990,0.787
ISR,1991,0.791
ISR,1992,0.794
ISR,1993,0.801
ISR,1994,0.806
ISR,1995,0.81
ISR,1996,0.817
ISR,1997,0.824
ISR,1998,0.831
ISR,1999,0.839
ISR,2000,0.839
ISR,2001,0.841
ISR,2002,0.846
ISR,2003,0.847
ISR,2004,0.85
ISR,2005,0.858
ISR,2006,0.867
ISR,2007,0.878
ISR,2008,0.878
ISR,2009,0.884
ISR,2010,0.889
ISR,2011,0.892
ISR,2012,0.893
ISR,2013,0.899
ISR,2014,0.902
ISR,2015,0.902
ISR,2016,0.905
ISR,2017,0.908
ISR,2018,0.911
ISR,2019,0.913
ISR,2020,0.912
ISR,2021,0.918
ISR,2022,0.921
ISR,2023,0.919
ITA,1990,0.787
ITA,1991,0.792
ITA,1992,0.8
ITA,1993,0.806
ITA,1994,0.816
ITA,1995,0.823
ITA,1996,0.829
ITA,1997,0.836
ITA,1998,0.84
ITA,1999,0.845
ITA,2000,0.849
ITA,2001,0.856
ITA,2002,0.862
ITA,2003,0.866
ITA,2004,0.874
ITA,2005,0.876
ITA,2006,0.881
ITA,2007,0.885
ITA,2008,0.885
ITA,2009,0.884
ITA,2010,0.887
ITA,2011,0.89
ITA,2012,0.887
ITA,2013,0.887
ITA,2014,0.89
ITA,2015,0.889
ITA,2016,0.894
ITA,2017,0.897
ITA,2018,0.902
ITA,2019,0.906
ITA,2020,0.899
ITA,2021,0.908
ITA,2022,0.905
ITA,2023,0.915
JAM,1990,0.662
JAM,1991,0.662
JAM,1992,0.664
JAM,1993,0.664
JAM,1994,0.664
JAM,1995,0.665
JAM,1996,0.664
JAM,1997,0.663
JAM,1998,0.662
JAM,1999,0.662
JAM,2000,0.659
JAM,2001,0.668
JAM,2002,0.672
JAM,2003,0.668
JAM,2004,0.684
JAM,2005,0.687
JAM,2006,0.696
JAM,2007,0.704
JAM,2008,0.711
JAM,2009,0.711
JAM,2010,0.708
JAM,2011,0.711
JAM,2012,0.711
JAM,2013,0.711
JAM,2014,0.712
JAM,2015,0.713
JAM,2016,0.714
JAM,2017,0.715
JAM,2018,0.715
JAM,2019,0.716
JAM,2020,0.711
JAM,2021,0.703
JAM,2022,0.718
JAM,2023,0.72
JOR,1990,0.619
JOR,1991,0.625
JOR,1992,0.638
JOR,1993,0.643
JOR,1994,0.647
JOR,1995,0.653
JOR,1996,0.657
JOR,1997,0.661
JOR,1998,0.664
JOR,1999,0.668
JOR,2000,0.672
JOR,2001,0.679
JOR,2002,0.686
JOR,2003,0.693
JOR,2004,0.705
JOR,2005,0.713
JOR,2006,0.719
JOR,2007,0.725
JOR,2008,0.733
JOR,2009,0.735
JOR,2010,0.732
JOR,2011,0.734
JOR,2012,0.74
JOR,2013,0.742
JOR,2014,0.742
JOR,2015,0.743
JOR,2016,0.745
JOR,2017,0.747
JOR,2018,0.747
JOR,2019,0.75
JOR,2020,0.743
JOR,2021,0.736
JOR,2022,0.751
JOR,2023,0.754
JPN,1990,0.853
JPN,1991,0.857
JPN,1992,0.859
JPN,1993,0.865
JPN,1994,0.872
JPN,1995,0.874
JPN,1996,0.88
JPN,1997,0.883
JPN,1998,0.884
JPN,1999,0.885
JPN,2000,0.889
JPN,2001,0.892
JPN,2002,0.894
JPN,2003,0.896
JPN,2004,0.899
JPN,2005,0.9
JPN,2006,0.903
JPN,2007,0.905
JPN,2008,0.905
JPN,2009,0.905
JPN,2010,0.907
JPN,2011,0.906
JPN,2012,0.909
JPN,2013,0.912
JPN,2014,0.914
JPN,2015,0.917
JPN,2016,0.918
JPN,2017,0.92
JPN,2018,0.921
JPN,2019,0.922
JPN,2020,0.922
JPN,2021,0.922
JPN,2022,0.921
JPN,2023,0.925
KAZ,1990,0.689
KAZ,1991,0.683
KAZ,1992,0.68
KAZ,1993,0.673
KAZ,1994,0.666
KAZ,1995,0.665
KAZ,1996,0.669
KAZ,1997,0.673
KAZ,1998,0.678
KAZ,1999,0.683
KAZ,2000,0.692
KAZ,2001,0.707
KAZ,2002,0.72
KAZ,2003,0.732
KAZ,2004,0.743
KAZ,2005,0.754
KAZ,2006,0.765
KAZ,2007,0.772
KAZ,2008,0.771
KAZ,2009,0.774
KAZ,2010,0.781
KAZ,2011,0.79
KAZ,2012,0.799
KAZ,2013,0.808
KAZ,2014,0.813
KAZ,2015,0.819
KAZ,2016,0.82
KAZ,2017,0.824
KAZ,2018,0.828
KAZ,2019,0.834
KAZ,2020,0.826
KAZ,2021,0.816
KAZ,2022,0.831
KAZ,2023,0.837
KEN,1990,0.485
KEN,1991,0.485
KEN,1992,0.484
KEN,1993,0.483
KEN,1994,0.484
KEN,1995,0.488
KEN,1996,0.491
KEN,1997,0.493
KEN,1998,0.496
KEN,1999,0.499
KEN,2000,0.5
KEN,2001,0.505
KEN,2002,0.504
KEN,2003,0.515
KEN,2004,0.526
KEN,2005,0.532
KEN,2006,0.541
KEN,2007,0.548
KEN,2008,0.553
KEN,2009,0.553
KEN,2010,0.552
KEN,2011,0.56
KEN,2012,0.565
KEN,2013,0.57
KEN,2014,0.576
KEN,2015,0.583
KEN,2016,0.594
KEN,2017,0.599
KEN,2018,0.605
KEN,2019,0.611
KEN,2020,0.6
KEN,2021,0.608
KEN,2022,0.626
KEN,2023,0.628
KGZ,1990,0.649
KGZ,1991,0.643
KGZ,1992,0.631
KGZ,1993,0.615
KGZ,1994,0.595
KGZ,1995,0.59
KGZ,1996,0.597
KGZ,1997,0.608
KGZ,1998,0.613
KGZ,1999,0.619
KGZ,2000,0.627
KGZ,2001,0.634
KGZ,2002,0.635
KGZ,2003,0.642
KGZ,2004,0.646
KGZ,2005,0.648
KGZ,2006,0.652
KGZ,2007,0.658
KGZ,2008,0.666
KGZ,2009,0.669
KGZ,2010,0.668
KGZ,2011,0.67
KGZ,2012,0.679
KGZ,2013,0.686
KGZ,2014,0.691
KGZ,2015,0.695
KGZ,2016,0.7
KGZ,2017,0.704
KGZ,2018,0.708
KGZ,2019,0.708
KGZ,2020,0.7
KGZ,2021,0.704
KGZ,2022,0.717
KGZ,2023,0.72
KHM,1990,0.387
KHM,1991,0.392
KHM,1992,0.396
KHM,1993,0.399
KHM,1994,0.4
KHM,1995,0.404
KHM,1996,0.408
KHM,1997,0.414
KHM,1998,0.419
KHM,1999,0.429
KHM,2000,0.438
KHM,2001,0.453
KHM,2002,0.473
KHM,2003,0.488
KHM,2004,0.502
KHM,2005,0.514
KHM,2006,0.525
KHM,2007,0.534
KHM,2008,0.539
KHM,2009,0.539
KHM,2010,0.543
KHM,2011,0.547
KHM,2012,0.551
KHM,2013,0.554
KHM,2014,0.557
KHM,2015,0.562
KHM,2016,0.57
KHM,2017,0.578
KHM,2018,0.586
KHM,2019,0.593
KHM,2020,0.595
KHM,2021,0.594
KHM,2022,0.602
KHM,2023,0.606
KIR,2005,0.588
KIR,2006,0.593
KIR,2007,0.596
KIR,2008,0.596
KIR,2009,0.598
KIR,2010,0.6
KIR,2011,0.603
KIR,2012,0.608
KIR,2013,0.613
KIR,2014,0.615
KIR,2015,0.623
KIR,2016,0.627
KIR,2017,0.63
KIR,2018,0.633
KIR,2019,0.635
KIR,2020,0.632
KIR,2021,0.631
KIR,2022,0.642
KIR,2023,0.644
KNA,2005,0.758
KNA,2006,0.765
KNA,2007,0.769
KNA,2008,0.776
KNA,2009,0.783
KNA,2010,0.791
KNA,2011,0.8
KNA,2012,0.808
KNA,2013,0.818
KNA,2014,0.829
KNA,2015,0.83
KNA,2016,0.832
KNA,2017,0.834
KNA,2018,0.835
KNA,2019,0.839
KNA,2020,0.828
KNA,2021,0.818
KNA,2022,0.829
KNA,2023,0.84
KOR,1990,0.738
KOR,1991,0.749
KOR,1992,0.759
KOR,1993,0.77
KOR,1994,0.779
KOR,1995,0.789
KOR,1996,0.801
KOR,1997,0.812
KOR,1998,0.809
KOR,1999,0.821
KOR,2000,0.83
KOR,2001,0.838
KOR,2002,0.846
KOR,2003,0.852
KOR,2004,0.859
KOR,2005,0.866
KOR,2006,0.871
KOR,2007,0.876
KOR,2008,0.878
KOR,2009,0.881
KOR,2010,0.894
KOR,2011,0.899
KOR,2012,0.901
KOR,2013,0.905
KOR,2014,0.91
KOR,2015,0.914
KOR,2016,0.918
KOR,2017,0.922
KOR,2018,0.924
KOR,2019,0.927
KOR,2020,0.928
KOR,2021,0.933
KOR,2022,0.928
KOR,2023,0.937
KWT,1990,0.698
KWT,1991,0.685
KWT,1992,0.699
KWT,1993,0.704
KWT,1994,0.734
KWT,1995,0.763
KWT,1996,0.769
KWT,1997,0.765
KWT,1998,0.77
KWT,1999,0.773
KWT,2000,0.778
KWT,2001,0.777
KWT,2002,0.783
KWT,2003,0.795
KWT,2004,0.798
KWT,2005,0.798
KWT,2006,0.799
KWT,2007,0.801
KWT,2008,0.805
KWT,2009,0.809
KWT,2010,0.812
KWT,2011,0.817
KWT,2012,0.822
KWT,2013,0.814
KWT,2014,0.818
KWT,2015,0.832
KWT,2016,0.836
KWT,2017,0.838
KWT,2018,0.84
KWT,2019,0.843
KWT,2020,0.837
KWT,2021,0.839
KWT,2022,0.845
KWT,2023,0.852
LAO,1990,0.409
LAO,1991,0.415
LAO,1992,0.42
LAO,1993,0.426
LAO,1994,0.434
LAO,1995,0.436
LAO,1996,0.449
LAO,1997,0.455
LAO,1998,0.462
LAO,1999,0.469
LAO,2000,0.473
LAO,2001,0.479
LAO,2002,0.488
LAO,2003,0.496
LAO,2004,0.505
LAO,2005,0.514
LAO,2006,0.515
LAO,2007,0.529
LAO,2008,0.537
LAO,2009,0.548
LAO,2010,0.556
LAO,2011,0.567
LAO,2012,0.577
LAO,2013,0.587
LAO,2014,0.597
LAO,2015,0.604
LAO,2016,0.609
LAO,2017,0.612
LAO,2018,0.613
LAO,2019,0.615
LAO,2020,0.616
LAO,2021,0.613
LAO,2022,0.614
LAO,2023,0.617
LBN,2005,0.71
LBN,2006,0.713
LBN,2007,0.726
LBN,2008,0.734
LBN,2009,0.743
LBN,2010,0.75
LBN,2011,0.758
LBN,2012,0.762
LBN,2013,0.762
LBN,2014,0.761
LBN,2015,0.763
LBN,2016,0.767
LBN,2017,0.772
LBN,2018,0.774
LBN,2019,0.771
LBN,2020,0.75
LBN,2021,0.733
LBN,2022,0.755
LBN,2023,0.752
LBR,1999,0.403
LBR,2000,0.443
LBR,2001,0.448
LBR,2002,0.453
LBR,2003,0.429
LBR,2004,0.442
LBR,2005,0.446
LBR,2006,0.45
LBR,2007,0.455
LBR,2008,0.459
LBR,2009,0.463
LBR,2010,0.467
LBR,2011,0.471
LBR,2012,0.475
LBR,2013,0.481
LBR,2014,0.479
LBR,2015,0.48
LBR,2016,0.485
LBR,2017,0.491
LBR,2018,0.495
LBR,2019,0.497
LBR,2020,0.498
LBR,2021,0.503
LBR,2022,0.508
LBR,2023,0.51
LBY,1990,0.69
LBY,1991,0.7
LBY,1992,0.703
LBY,1993,0.705
LBY,1994,0.71
LBY,1995,0.712
LBY,1996,0.716
LBY,1997,0.721
LBY,1998,0.721
LBY,1999,0.724
LBY,2000,0.727
LBY,2001,0.73
LBY,2002,0.733
LBY,2003,0.739
LBY,2004,0.741
LBY,2005,0.747
LBY,2006,0.751
LBY,2007,0.754
LBY,2008,0.754
LBY,2009,0.753
LBY,2010,0.755
LBY,2011,0.715
LBY,2012,0.758
LBY,2013,0.748
LBY,2014,0.728
LBY,2015,0.728
LBY,2016,0.725
LBY,2017,0.74
LBY,2018,0.743
LBY,2019,0.737
LBY,2020,0.688
LBY,2021,0.729
LBY,2022,0.741
LBY,2023,0.721
LCA,1990,0.683
LCA,1991,0.685
LCA,1992,0.692
LCA,1993,0.694
LCA,1994,0.696
LCA,1995,0.698
LCA,1996,0.701
LCA,1997,0.701
LCA,1998,0.705
LCA,1999,0.708
LCA,2000,0.71
LCA,2001,0.712
LCA,2002,0.716
LCA,2003,0.721
LCA,2004,0.726
LCA,2005,0.73
LCA,2006,0.741
LCA,2007,0.74
LCA,2008,0.749
LCA,2009,0.751
LCA,2010,0.749
LCA,2011,0.755
LCA,2012,0.748
LCA,2013,0.741
LCA,2014,0.746
LCA,2015,0.757
LCA,2016,0.76
LCA,2017,0.757
LCA,2018,0.759
LCA,2019,0.745
LCA,2020,0.734
LCA,2021,0.724
LCA,2022,0.747
LCA,2023,0.748
LIE,2000,0.882
LIE,2001,0.888
LIE,2002,0.893
LIE,2003,0.897
LIE,2004,0.904
LIE,2005,0.903
LIE,2006,0.908
LIE,2007,0.909
LIE,2008,0.912
LIE,2009,0.913
LIE,2010,0.914
LIE,2011,0.919
LIE,2012,0.919
LIE,2013,0.92
LIE,2014,0.923
LIE,2015,0.925
LIE,2016,0.926
LIE,2017,0.929
LIE,2018,0.928
LIE,2019,0.935
LIE,2020,0.929
LIE,2021,0.933
LIE,2022,0.936
LIE,2023,0.938
LKA,1990,0.638
LKA,1991,0.642
LKA,1992,0.65
LKA,1993,0.658
LKA,1994,0.664
LKA,1995,0.667
LKA,1996,0.672
LKA,1997,0.679
LKA,1998,0.685
LKA,1999,0.692
LKA,2000,0.702
LKA,2001,0.704
LKA,2002,0.709
LKA,2003,0.713
LKA,2004,0.695
LKA,2005,0.721
LKA,2006,0.724
LKA,2007,0.729
LKA,2008,0.73
LKA,2009,0.723
LKA,2010,0.748
LKA,2011,0.753
LKA,2012,0.759
LKA,2013,0.764
LKA,2014,0.767
LKA,2015,0.769
LKA,2016,0.772
LKA,2017,0.777
LKA,2018,0.782
LKA,2019,0.781
LKA,2020,0.78
LKA,2021,0.777
LKA,2022,0.777
LKA,2023,0.776
LSO,1990,0.483
LSO,1991,0.482
LSO,1992,0.481
LSO,1993,0.477
LSO,1994,0.478
LSO,1995,0.476
LSO,1996,0.473
LSO,1997,0.469
LSO,1998,0.469
LSO,1999,0.462
LSO,2000,0.462
LSO,2001,0.457
LSO,2002,0.455
LSO,2003,0.456
LSO,2004,0.454
LSO,2005,0.454
LSO,2006,0.451
LSO,2007,0.458
LSO,2008,0.463
LSO,2009,0.468
LSO,2010,0.478
LSO,2011,0.485
LSO,2012,0.496
LSO,2013,0.502
LSO,2014,0.509
LSO,2015,0.517
LSO,2016,0.526
LSO,2017,0.531
LSO,2018,0.538
LSO,2019,0.541
LSO,2020,0.537
LSO,2021,0.532
LSO,2022,0.547
LSO,2023,0.55
LTU,1990,0.745
LTU,1991,0.738
LTU,1992,0.723
LTU,1993,0.705
LTU,1994,0.699
LTU,1995,0.706
LTU,1996,0.723
LTU,1997,0.739
LTU,1998,0.751
LTU,1999,0.762
LTU,2000,0.778
LTU,2001,0.787
LTU,2002,0.799
LTU,2003,0.812
LTU,2004,0.821
LTU,2005,0.828
LTU,2006,0.834
LTU,2007,0.839
LTU,2008,0.849
LTU,2009,0.851
LTU,2010,0.854
LTU,2011,0.86
LTU,2012,0.862
LTU,2013,0.865
LTU,2014,0.866
LTU,2015,0.869
LTU,2016,0.875
LTU,2017,0.885
LTU,2018,0.889
LTU,2019,0.894
LTU,2020,0.888
LTU,2021,0.887
LTU,2022,0.888
LTU,2023,0.895
LUX,1990,0.787
LUX,1991,0.796
LUX,1992,0.801
LUX,1993,0.812
LUX,1994,0.82
LUX,1995,0.824
LUX,1996,0.832
LUX,1997,0.837
LUX,1998,0.845
LUX,1999,0.858
LUX,2000,0.861
LUX,2001,0.863
LUX,2002,0.868
LUX,2003,0.87
LUX,2004,0.878
LUX,2005,0.879
LUX,2006,0.88
LUX,2007,0.883
LUX,2008,0.896
LUX,2009,0.905
LUX,2010,0.909
LUX,2011,0.911
LUX,2012,0.914
LUX,2013,0.919
LUX,2014,0.924
LUX,2015,0.913
LUX,2016,0.916
LUX,2017,0.913
LUX,2018,0.915
LUX,2019,0.916
LUX,2020,0.916
LUX,2021,0.918
LUX,2022,0.922
LUX,2023,0.922
LVA,1990,0.736
LVA,1991,0.733
LVA,1992,0.709
LVA,1993,0.692
LVA,1994,0.686
LVA,1995,0.695
LVA,1996,0.714
LVA,1997,0.727
LVA,1998,0.738
LVA,1999,0.753
LVA,2000,0.764
LVA,2001,0.775
LVA,2002,0.786
LVA,2003,0.798
LVA,2004,0.809
LVA,2005,0.818
LVA,2006,0.823
LVA,2007,0.829
LVA,2008,0.837
LVA,2009,0.836
LVA,2010,0.833
LVA,2011,0.84
LVA,2012,0.843
LVA,2013,0.852
LVA,2014,0.854
LVA,2015,0.859
LVA,2016,0.864
LVA,2017,0.87
LVA,2018,0.875
LVA,2019,0.88
LVA,2020,0.879
LVA,2021,0.871
LVA,2022,0.881
LVA,2023,0.889
MAR,1990,0.451
MAR,1991,0.457
MAR,1992,0.461
MAR,1993,0.468
MAR,1994,0.48
MAR,1995,0.484
MAR,1996,0.495
MAR,1997,0.5
MAR,1998,0.507
MAR,1999,0.517
MAR,2000,0.528
MAR,2001,0.539
MAR,2002,0.55
MAR,2003,0.56
MAR,2004,0.567
MAR,2005,0.573
MAR,2006,0.579
MAR,2007,0.586
MAR,2008,0.593
MAR,2009,0.598
MAR,2010,0.607
MAR,2011,0.619
MAR,2012,0.629
MAR,2013,0.639
MAR,2014,0.648
MAR,2015,0.659
MAR,2016,0.665
MAR,2017,0.674
MAR,2018,0.68
MAR,2019,0.687
MAR,2020,0.683
MAR,2021,0.69
MAR,2022,0.704
MAR,2023,0.71
MDA,2005,0.702
MDA,2006,0.711
MDA,2007,0.718
MDA,2008,0.728
MDA,2009,0.729
MDA,2010,0.739
MDA,2011,0.748
MDA,2012,0.754
MDA,2013,0.758
MDA,2014,0.762
MDA,2015,0.759
MDA,2016,0.763
MDA,2017,0.769
MDA,2018,0.772
MDA,2019,0.775
MDA,2020,0.77
MDA,2021,0.773
MDA,2022,0.784
MDA,2023,0.785
MDG,1999,0.436
MDG,2000,0.443
MDG,2001,0.451
MDG,2002,0.448
MDG,2003,0.458
MDG,2004,0.465
MDG,2005,0.47
MDG,2006,0.474
MDG,2007,0.482
MDG,2008,0.49
MDG,2009,0.493
MDG,2010,0.493
MDG,2011,0.494
MDG,2012,0.496
MDG,2013,0.497
MDG,2014,0.5
MDG,2015,0.501
MDG,2016,0.501
MDG,2017,0.505
MDG,2018,0.501
MDG,2019,0.495
MDG,2020,0.483
MDG,2021,0.481
MDG,2022,0.483
MDG,2023,0.487
MDV,2000,0.639
MDV,2001,0.639
MDV,2002,0.645
MDV,2003,0.654
MDV,2004,0.655
MDV,2005,0.657
MDV,2006,0.672
MDV,2007,0.672
MDV,2008,0.681
MDV,2009,0.682
MDV,2010,0.689
MDV,2011,0.698
MDV,2012,0.704
MDV,2013,0.71
MDV,2014,0.718
MDV,2015,0.725
MDV,2016,0.732
MDV,2017,0.739
MDV,2018,0.744
MDV,2019,0.749
MDV,2020,0.73
MDV,2021,0.745
MDV,2022,0.764
MDV,2023,0.766
MEX,1990,0.668
MEX,1991,0.67
MEX,1992,0.672
MEX,1993,0.675
MEX,1994,0.68
MEX,1995,0.68
MEX,1996,0.687
MEX,1997,0.694
MEX,1998,0.701
MEX,1999,0.706
MEX,2000,0.712
MEX,2001,0.715
MEX,2002,0.722
MEX,2003,0.728
MEX,2004,0.732
MEX,2005,0.736
MEX,2006,0.745
MEX,2007,0.747
MEX,2008,0.75
MEX,2009,0.749
MEX,2010,0.751
MEX,2011,0.757
MEX,2012,0.764
MEX,2013,0.765
MEX,2014,0.769
MEX,2015,0.773
MEX,2016,0.778
MEX,2017,0.781
MEX,2018,0.785
MEX,2019,0.788
MEX,2020,0.763
MEX,2021,0.761
MEX,2022,0.783
MEX,2023,0.789
MHL,2011,0.666
MHL,2012,0.668
MHL,2013,0.676
MHL,2014,0.681
MHL,2015,0.691
MHL,2016,0.696
MHL,2017,0.702
MHL,2018,0.71
MHL,2019,0.722
MHL,2020,0.722
MHL,2021,0.723
MHL,2022,0.732
MHL,2023,0.733
MKD,1990,0.644
MKD,1991,0.647
MKD,1992,0.642
MKD,1993,0.647
MKD,1994,0.648
MKD,1995,0.653
MKD,1996,0.657
MKD,1997,0.661
MKD,1998,0.666
MKD,1999,0.675
MKD,2000,0.686
MKD,2001,0.691
MKD,2002,0.694
MKD,2003,0.7
MKD,2004,0.708
MKD,2005,0.717
MKD,2006,0.726
MKD,2007,0.732
MKD,2008,0.753
MKD,2009,0.757
MKD,2010,0.765
MKD,2011,0.771
MKD,2012,0.775
MKD,2013,0.782
MKD,2014,0.788
MKD,2015,0.795
MKD,2016,0.8
MKD,2017,0.807
MKD,2018,0.814
MKD,2019,0.805
MKD,2020,0.783
MKD,2021,0.781
MKD,2022,0.811
MKD,2023,0.815
MLI,1990,0.24
MLI,1991,0.247
MLI,1992,0.251
MLI,1993,0.259
MLI,1994,0.266
MLI,1995,0.273
MLI,1996,0.282
MLI,1997,0.293
MLI,1998,0.303
MLI,1999,0.314
MLI,2000,0.32
MLI,2001,0.332
MLI,2002,0.34
MLI,2003,0.352
MLI,2004,0.359
MLI,2005,0.368
MLI,2006,0.377
MLI,2007,0.386
MLI,2008,0.395
MLI,2009,0.403
MLI,2010,0.41
MLI,2011,0.415
MLI,2012,0.411
MLI,2013,0.409
MLI,2014,0.414
MLI,2015,0.413
MLI,2016,0.411
MLI,2017,0.416
MLI,2018,0.421
MLI,2019,0.425
MLI,2020,0.414
MLI,2021,0.414
MLI,2022,0.417
MLI,2023,0.419
MLT,1990,0.735
MLT,1991,0.742
MLT,1992,0.748
MLT,1993,0.754
MLT,1994,0.758
MLT,1995,0.763
MLT,1996,0.763
MLT,1997,0.772
MLT,1998,0.781
MLT,1999,0.784
MLT,2000,0.79
MLT,2001,0.801
MLT,2002,0.806
MLT,2003,0.818
MLT,2004,0.832
MLT,2005,0.84
MLT,2006,0.838
MLT,2007,0.845
MLT,2008,0.848
MLT,2009,0.854
MLT,2010,0.867
MLT,2011,0.862
MLT,2012,0.87
MLT,2013,0.88
MLT,2014,0.886
MLT,2015,0.892
MLT,2016,0.891
MLT,2017,0.901
MLT,2018,0.908
MLT,2019,0.91
MLT,2020,0.903
MLT,2021,0.914
MLT,2022,0.917
MLT,2023,0.924
MMR,1990,0.347
MMR,1991,0.354
MMR,1992,0.368
MMR,1993,0.374
MMR,1994,0.381
MMR,1995,0.385
MMR,1996,0.391
MMR,1997,0.396
MMR,1998,0.399
MMR,1999,0.406
MMR,2000,0.415
MMR,2001,0.423
MMR,2002,0.433
MMR,2003,0.443
MMR,2004,0.453
MMR,2005,0.463
MMR,2006,0.473
MMR,2007,0.483
MMR,2008,0.468
MMR,2009,0.504
MMR,2010,0.515
MMR,2011,0.525
MMR,2012,0.535
MMR,2013,0.546
MMR,2014,0.557
MMR,2015,0.566
MMR,2016,0.574
MMR,2017,0.587
MMR,2018,0.6
MMR,2019,0.61
MMR,2020,0.609
MMR,2021,0.605
MMR,2022,0.606
MMR,2023,0.609
MNE,2003,0.764
MNE,2004,0.768
MNE,2005,0.773
MNE,2006,0.785
MNE,2007,0.795
MNE,2008,0.806
MNE,2009,0.809
MNE,2010,0.815
MNE,2011,0.822
MNE,2012,0.825
MNE,2013,0.83
MNE,2014,0.833
MNE,2015,0.839
MNE,2016,0.836
MNE,2017,0.843
MNE,2018,0.849
MNE,2019,0.851
MNE,2020,0.841
MNE,2021,0.84
MNE,2022,0.853
MNE,2023,0.862
MNG,1990,0.593
MNG,1991,0.591
MNG,1992,0.581
MNG,1993,0.567
MNG,1994,0.568
MNG,1995,0.572
MNG,1996,0.578
MNG,1997,0.585
MNG,1998,0.594
MNG,1999,0.602
MNG,2000,0.611
MNG,2001,0.622
MNG,2002,0.631
MNG,2003,0.643
MNG,2004,0.658
MNG,2005,0.671
MNG,2006,0.683
MNG,2007,0.696
MNG,2008,0.707
MNG,2009,0.711
MNG,2010,0.714
MNG,2011,0.725
MNG,2012,0.735
MNG,2013,0.744
MNG,2014,0.748
MNG,2015,0.753
MNG,2016,0.759
MNG,2017,0.759
MNG,2018,0.767
MNG,2019,0.758
MNG,2020,0.741
MNG,2021,0.727
MNG,2022,0.742
MNG,2023,0.747
MOZ,1990,0.246
MOZ,1991,0.25
MOZ,1992,0.245
MOZ,1993,0.252
MOZ,1994,0.255
MOZ,1995,0.257
MOZ,1996,0.269
MOZ,1997,0.281
MOZ,1998,0.292
MOZ,1999,0.304
MOZ,2000,0.311
MOZ,2001,0.326
MOZ,2002,0.335
MOZ,2003,0.35
MOZ,2004,0.36
MOZ,2005,0.371
MOZ,2006,0.379
MOZ,2007,0.392
MOZ,2008,0.403
MOZ,2009,0.411
MOZ,2010,0.419
MOZ,2011,0.424
MOZ,2012,0.431
MOZ,2013,0.443
MOZ,2014,0.45
MOZ,2015,0.457
MOZ,2016,0.46
MOZ,2017,0.461
MOZ,2018,0.469
MOZ,2019,0.475
MOZ,2020,0.477
MOZ,2021,0.478
MOZ,2022,0.49
MOZ,2023,0.493
MRT,1990,0.396
MRT,1991,0.401
MRT,1992,0.409
MRT,1993,0.421
MRT,1994,0.432
MRT,1995,0.439
MRT,1996,0.448
MRT,1997,0.45
MRT,1998,0.46
MRT,1999,0.467
MRT,2000,0.468
MRT,2001,0.47
MRT,2002,0.475
MRT,2003,0.482
MRT,2004,0.494
MRT,2005,0.5
MRT,2006,0.512
MRT,2007,0.512
MRT,2008,0.512
MRT,2009,0.522
MRT,2010,0.525
MRT,2011,0.53
MRT,2012,0.538
MRT,2013,0.544
MRT,2014,0.547
MRT,2015,0.551
MRT,2016,0.548
MRT,2017,0.551
MRT,2018,0.561
MRT,2019,0.566
MRT,2020,0.554
MRT,2021,0.553
MRT,2022,0.562
MRT,2023,0.563
MUS,1990,0.627
MUS,1991,0.632
MUS,1992,0.637
MUS,1993,0.641
MUS,1994,0.645
MUS,1995,0.65
MUS,1996,0.653
MUS,1997,0.659
MUS,1998,0.667
MUS,1999,0.675
MUS,2000,0.683
MUS,2001,0.697
MUS,2002,0.701
MUS,2003,0.709
MUS,2004,0.716
MUS,2005,0.723
MUS,2006,0.729
MUS,2007,0.736
MUS,2008,0.742
MUS,2009,0.748
MUS,2010,0.755
MUS,2011,0.762
MUS,2012,0.778
MUS,2013,0.781
MUS,2014,0.79
MUS,2015,0.792
MUS,2016,0.795
MUS,2017,0.799
MUS,2018,0.801
MUS,2019,0.803
MUS,2020,0.795
MUS,2021,0.789
MUS,2022,0.794
MUS,2023,0.806
MWI,1990,0.306
MWI,1991,0.31
MWI,1992,0.318
MWI,1993,0.324
MWI,1994,0.325
MWI,1995,0.37
MWI,1996,0.375
MWI,1997,0.379
MWI,1998,0.384
MWI,1999,0.392
MWI,2000,0.394
MWI,2001,0.4
MWI,2002,0.407
MWI,2003,0.414
MWI,2004,0.421
MWI,2005,0.427
MWI,2006,0.436
MWI,2007,0.444
MWI,2008,0.455
MWI,2009,0.465
MWI,2010,0.475
MWI,2011,0.483
MWI,2012,0.488
MWI,2013,0.494
MWI,2014,0.5
MWI,2015,0.504
MWI,2016,0.506
MWI,2017,0.508
MWI,2018,0.51
MWI,2019,0.513
MWI,2020,0.512
MWI,2021,0.509
MWI,2022,0.513
MWI,2023,0.517
MYS,1990,0.653
MYS,1991,0.661
MYS,1992,0.67
MYS,1993,0.677
MYS,1994,0.684
MYS,1995,0.691
MYS,1996,0.701
MYS,1997,0.713
MYS,1998,0.718
MYS,1999,0.723
MYS,2000,0.733
MYS,2001,0.731
MYS,2002,0.732
MYS,2003,0.737
MYS,2004,0.739
MYS,2005,0.736
MYS,2006,0.742
MYS,2007,0.754
MYS,2008,0.765
MYS,2009,0.773
MYS,2010,0.779
MYS,2011,0.782
MYS,2012,0.787
MYS,2013,0.791
MYS,2014,0.795
MYS,2015,0.8
MYS,2016,0.805
MYS,2017,0.807
MYS,2018,0.809
MYS,2019,0.812
MYS,2020,0.81
MYS,2021,0.802
MYS,2022,0.81
MYS,2023,0.819
NAM,1990,0.597
NAM,1991,0.602
NAM,1992,0.603
NAM,1993,0.601
NAM,1994,0.6
NAM,1995,0.595
NAM,1996,0.587
NAM,1997,0.58
NAM,1998,0.574
NAM,1999,0.565
NAM,2000,0.561
NAM,2001,0.555
NAM,2002,0.555
NAM,2003,0.558
NAM,2004,0.563
NAM,2005,0.564
NAM,2006,0.569
NAM,2007,0.576
NAM,2008,0.581
NAM,2009,0.585
NAM,2010,0.591
NAM,2011,0.598
NAM,2012,0.607
NAM,2013,0.616
NAM,2014,0.624
NAM,2015,0.63
NAM,2016,0.634
NAM,2017,0.638
NAM,2018,0.642
NAM,2019,0.647
NAM,2020,0.647
NAM,2021,0.631
NAM,2022,0.649
NAM,2023,0.665
NER,1990,0.215
NER,1991,0.219
NER,1992,0.222
NER,1993,0.228
NER,1994,0.233
NER,1995,0.238
NER,1996,0.245
NER,1997,0.25
NER,1998,0.258
NER,1999,0.263
NER,2000,0.266
NER,2001,0.272
NER,2002,0.278
NER,2003,0.284
NER,2004,0.292
NER,2005,0.302
NER,2006,0.309
NER,2007,0.313
NER,2008,0.323
NER,2009,0.329
NER,2010,0.339
NER,2011,0.346
NER,2012,0.356
NER,2013,0.362
NER,2014,0.369
NER,2015,0.374
NER,2016,0.38
NER,2017,0.384
NER,2018,0.391
NER,2019,0.4
NER,2020,0.404
NER,2021,0.413
NER,2022,0.414
NER,2023,0.419
NGA,1990,0.379
NGA,1991,0.383
NGA,1992,0.388
NGA,1993,0.393
NGA,1994,0.397
NGA,1995,0.402
NGA,1996,0.408
NGA,1997,0.413
NGA,1998,0.419
NGA,1999,0.425
NGA,2000,0.435
NGA,2001,0.438
NGA,2002,0.451
NGA,2003,0.464
NGA,2004,0.477
NGA,2005,0.484
NGA,2006,0.489
NGA,2007,0.492
NGA,2008,0.497
NGA,2009,0.499
NGA,2010,0.502
NGA,2011,0.508
NGA,2012,0.512
NGA,2013,0.517
NGA,2014,0.524
NGA,2015,0.53
NGA,2016,0.532
NGA,2017,0.534
NGA,2018,0.537
NGA,2019,0.544
NGA,2020,0.547
NGA,2021,0.554
NGA,2022,0.557
NGA,2023,0.56
NIC,1990,0.515
NIC,1991,0.526
NIC,1992,0.531
NIC,1993,0.534
NIC,1994,0.54
NIC,1995,0.549
NIC,1996,0.559
NIC,1997,0.568
NIC,1998,0.569
NIC,1999,0.585
NIC,2000,0.593
NIC,2001,0.601
NIC,2002,0.609
NIC,2003,0.615
NIC,2004,0.623
NIC,2005,0.63
NIC,2006,0.636
NIC,2007,0.642
NIC,2008,0.646
NIC,2009,0.646
NIC,2010,0.651
NIC,2011,0.657
NIC,2012,0.664
NIC,2013,0.668
NIC,2014,0.674
NIC,2015,0.679
NIC,2016,0.684
NIC,2017,0.688
NIC,2018,0.69
NIC,2019,0.69
NIC,2020,0.676
NIC,2021,0.682
NIC,2022,0.701
NIC,2023,0.706
NLD,1990,0.855
NLD,1991,0.86
NLD,1992,0.861
NLD,1993,0.863
NLD,1994,0.889
NLD,1995,0.886
NLD,1996,0.89
NLD,1997,0.891
NLD,1998,0.893
NLD,1999,0.894
NLD,2000,0.9
NLD,2001,0.902
NLD,2002,0.898
NLD,2003,0.901
NLD,2004,0.904
NLD,2005,0.907
NLD,2006,0.914
NLD,2007,0.92
NLD,2008,0.92
NLD,2009,0.92
NLD,2010,0.925
NLD,2011,0.935
NLD,2012,0.935
NLD,2013,0.937
NLD,2014,0.939
NLD,2015,0.94
NLD,2016,0.941
NLD,2017,0.945
NLD,2018,0.947
NLD,2019,0.95
NLD,2020,0.945
NLD,2021,0.951
NLD,2022,0.953
NLD,2023,0.955
NOR,1990,0.856
NOR,1991,0.863
NOR,1992,0.868
NOR,1993,0.875
NOR,1994,0.89
NOR,1995,0.887
NOR,1996,0.894
NOR,1997,0.9
NOR,1998,0.908
NOR,1999,0.913
NOR,2000,0.924
NOR,2001,0.923
NOR,2002,0.923
NOR,2003,0.93
NOR,2004,0.937
NOR,2005,0.939
NOR,2006,0.942
NOR,2007,0.943
NOR,2008,0.943
NOR,2009,0.944
NOR,2010,0.947
NOR,2011,0.949
NOR,2012,0.95
NOR,2013,0.953
NOR,2014,0.956
NOR,2015,0.959
NOR,2016,0.962
NOR,2017,0.965
NOR,2018,0.966
NOR,2019,0.967
NOR,2020,0.969
NOR,2021,0.969
NOR,2022,0.967
NOR,2023,0.97
NPL,1990,0.404
NPL,1991,0.412
NPL,1992,0.42
NPL,1993,0.425
NPL,1994,0.433
NPL,1995,0.438
NPL,1996,0.447
NPL,1997,0.453
NPL,1998,0.459
NPL,1999,0.464
NPL,2000,0.471
NPL,2001,0.472
NPL,2002,0.479
NPL,2003,0.486
NPL,2004,0.493
NPL,2005,0.5
NPL,2006,0.512
NPL,2007,0.516
NPL,2008,0.526
NPL,2009,0.538
NPL,2010,0.551
NPL,2011,0.559
NPL,2012,0.565
NPL,2013,0.57
NPL,2014,0.574
NPL,2015,0.575
NPL,2016,0.58
NPL,2017,0.588
NPL,2018,0.596
NPL,2019,0.604
NPL,2020,0.599
NPL,2021,0.596
NPL,2022,0.605
NPL,2023,0.622
NRU,2005,0.589
NRU,2006,0.565
NRU,2007,0.581
NRU,2008,0.614
NRU,2009,0.607
NRU,2010,0.616
NRU,2011,0.624
NRU,2012,0.633
NRU,2013,0.64
NRU,2014,0.655
NRU,2015,0.66
NRU,2016,0.67
NRU,2017,0.67
NRU,2018,0.668
NRU,2019,0.678
NRU,2020,0.684
NRU,2021,0.692
NRU,2022,0.7
NRU,2023,0.703
NZL,1990,0.811
NZL,1991,0.813
NZL,1992,0.822
NZL,1993,0.838
NZL,1994,0.852
NZL,1995,0.858
NZL,1996,0.862
NZL,1997,0.871
NZL,1998,0.881
NZL,1999,0.886
NZL,2000,0.896
NZL,2001,0.902
NZL,2002,0.905
NZL,2003,0.91
NZL,2004,0.912
NZL,2005,0.917
NZL,2006,0.918
NZL,2007,0.921
NZL,2008,0.92
NZL,2009,0.923
NZL,2010,0.926
NZL,2011,0.927
NZL,2012,0.929
NZL,2013,0.933
NZL,2014,0.932
NZL,2015,0.934
NZL,2016,0.938
NZL,2017,0.936
NZL,2018,0.938
NZL,2019,0.938
NZL,2020,0.94
NZL,2021,0.939
NZL,2022,0.933
NZL,2023,0.938
OMN,2000,0.707
OMN,2001,0.719
OMN,2002,0.729
OMN,2003,0.739
OMN,2004,0.743
OMN,2005,0.756
OMN,2006,0.766
OMN,2007,0.774
OMN,2008,0.782
OMN,2009,0.799
OMN,2010,0.804
OMN,2011,0.822
OMN,2012,0.824
OMN,2013,0.827
OMN,2014,0.831
OMN,2015,0.838
OMN,2016,0.845
OMN,2017,0.848
OMN,2018,0.854
OMN,2019,0.857
OMN,2020,0.843
OMN,2021,0.834
OMN,2022,0.846
OMN,2023,0.858
PAK,1990,0.396
PAK,1991,0.4
PAK,1992,0.405
PAK,1993,0.408
PAK,1994,0.412
PAK,1995,0.415
PAK,1996,0.42
PAK,1997,0.422
PAK,1998,0.426
PAK,1999,0.431
PAK,2000,0.436
PAK,2001,0.443
PAK,2002,0.45
PAK,2003,0.458
PAK,2004,0.472
PAK,2005,0.48
PAK,2006,0.489
PAK,2007,0.495
PAK,2008,0.496
PAK,2009,0.497
PAK,2010,0.5
PAK,2011,0.504
PAK,2012,0.508
PAK,2013,0.512
PAK,2014,0.522
PAK,2015,0.527
PAK,2016,0.535
PAK,2017,0.537
PAK,2018,0.538
PAK,2019,0.54
PAK,2020,0.536
PAK,2021,0.537
PAK,2022,0.544
PAK,2023,0.544
PAN,1990,0.672
PAN,1991,0.674
PAN,1992,0.68
PAN,1993,0.686
PAN,1994,0.688
PAN,1995,0.69
PAN,1996,0.694
PAN,1997,0.701
PAN,1998,0.707
PAN,1999,0.712
PAN,2000,0.718
PAN,2001,0.723
PAN,2002,0.73
PAN,2003,0.735
PAN,2004,0.741
PAN,2005,0.746
PAN,2006,0.753
PAN,2007,0.763
PAN,2008,0.767
PAN,2009,0.77
PAN,2010,0.775
PAN,2011,0.781
PAN,2012,0.798
PAN,2013,0.799
PAN,2014,0.798
PAN,2015,0.803
PAN,2016,0.81
PAN,2017,0.815
PAN,2018,0.82
PAN,2019,0.824
PAN,2020,0.808
PAN,2021,0.819
PAN,2022,0.835
PAN,2023,0.839
PER,1990,0.625
PER,1991,0.628
PER,1992,0.629
PER,1993,0.633
PER,1994,0.644
PER,1995,0.654
PER,1996,0.658
PER,1997,0.663
PER,1998,0.671
PER,1999,0.68
PER,2000,0.682
PER,2001,0.69
PER,2002,0.69
PER,2003,0.689
PER,2004,0.694
PER,2005,0.691
PER,2006,0.697
PER,2007,0.708
PER,2008,0.714
PER,2009,0.717
PER,2010,0.731
PER,2011,0.738
PER,2012,0.748
PER,2013,0.757
PER,2014,0.763
PER,2015,0.768
PER,2016,0.775
PER,2017,0.775
PER,2018,0.78
PER,2019,0.784
PER,2020,0.769
PER,2021,0.764
PER,2022,0.79
PER,2023,0.794
PHL,1990,0.593
PHL,1991,0.594
PHL,1992,0.599
PHL,1993,0.602
PHL,1994,0.606
PHL,1995,0.609
PHL,1996,0.619
PHL,1997,0.623
PHL,1998,0.624
PHL,1999,0.628
PHL,2000,0.632
PHL,2001,0.636
PHL,2002,0.643
PHL,2003,0.648
PHL,2004,0.655
PHL,2005,0.656
PHL,2006,0.654
PHL,2007,0.659
PHL,2008,0.662
PHL,2009,0.662
PHL,2010,0.669
PHL,2011,0.674
PHL,2012,0.681
PHL,2013,0.687
PHL,2014,0.689
PHL,2015,0.69
PHL,2016,0.69
PHL,2017,0.694
PHL,2018,0.7
PHL,2019,0.708
PHL,2020,0.699
PHL,2021,0.69
PHL,2022,0.714
PHL,2023,0.72
PLW,2000,0.736
PLW,2001,0.741
PLW,2002,0.746
PLW,2003,0.749
PLW,2004,0.755
PLW,2005,0.761
PLW,2006,0.765
PLW,2007,0.771
PLW,2008,0.773
PLW,2009,0.776
PLW,2010,0.779
PLW,2011,0.784
PLW,2012,0.787
PLW,2013,0.791
PLW,2014,0.795
PLW,2015,0.802
PLW,2016,0.804
PLW,2017,0.804
PLW,2018,0.805
PLW,2019,0.806
PLW,2020,0.799
PLW,2021,0.789
PLW,2022,0.786
PLW,2023,0.786
PNG,1990,0.403
PNG,1991,0.411
PNG,1992,0.421
PNG,1993,0.432
PNG,1994,0.439
PNG,1995,0.442
PNG,1996,0.448
PNG,1997,0.449
PNG,1998,0.446
PNG,1999,0.454
PNG,2000,0.456
PNG,2001,0.458
PNG,2002,0.461
PNG,2003,0.464
PNG,2004,0.468
PNG,2005,0.473
PNG,2006,0.479
PNG,2007,0.485
PNG,2008,0.489
PNG,2009,0.495
PNG,2010,0.503
PNG,2011,0.508
PNG,2012,0.514
PNG,2013,0.522
PNG,2014,0.534
PNG,2015,0.543
PNG,2016,0.55
PNG,2017,0.555
PNG,2018,0.559
PNG,2019,0.566
PNG,2020,0.567
PNG,2021,0.567
PNG,2022,0.572
PNG,2023,0.576
POL,1990,0.722
POL,1991,0.72
POL,1992,0.724
POL,1993,0.737
POL,1994,0.747
POL,1995,0.754
POL,1996,0.763
POL,1997,0.775
POL,1998,0.784
POL,1999,0.793
POL,2000,0.801
POL,2001,0.809
POL,2002,0.816
POL,2003,0.822
POL,2004,0.82
POL,2005,0.826
POL,2006,0.831
POL,2007,0.836
POL,2008,0.841
POL,2009,0.846
POL,2010,0.852
POL,2011,0.858
POL,2012,0.863
POL,2013,0.873
POL,2014,0.873
POL,2015,0.879
POL,2016,0.884
POL,2017,0.882
POL,2018,0.884
POL,2019,0.887
POL,2020,0.88
POL,2021,0.884
POL,2022,0.902
POL,2023,0.906
PRT,1990,0.707
PRT,1991,0.718
PRT,1992,0.735
PRT,1993,0.751
PRT,1994,0.765
PRT,1995,0.773
PRT,1996,0.781
PRT,1997,0.789
PRT,1998,0.795
PRT,1999,0.793
PRT,2000,0.797
PRT,2001,0.801
PRT,2002,0.804
PRT,2003,0.808
PRT,2004,0.809
PRT,2005,0.81
PRT,2006,0.815
PRT,2007,0.821
PRT,2008,0.826
PRT,2009,0.831
PRT,2010,0.836
PRT,2011,0.843
PRT,2012,0.844
PRT,2013,0.849
PRT,2014,0.854
PRT,2015,0.857
PRT,2016,0.859
PRT,2017,0.864
PRT,2018,0.866
PRT,2019,0.872
PRT,2020,0.87
PRT,2021,0.876
PRT,2022,0.883
PRT,2023,0.89
PRY,1990,0.607
PRY,1991,0.613
PRY,1992,0.619
PRY,1993,0.626
PRY,1994,0.631
PRY,1995,0.637
PRY,1996,0.646
PRY,1997,0.653
PRY,1998,0.659
PRY,1999,0.664
PRY,2000,0.664
PRY,2001,0.671
PRY,2002,0.679
PRY,2003,0.673
PRY,2004,0.681
PRY,2005,0.683
PRY,2006,0.684
PRY,2007,0.69
PRY,2008,0.7
PRY,2009,0.7
PRY,2010,0.709
PRY,2011,0.715
PRY,2012,0.719
PRY,2013,0.73
PRY,2014,0.733
PRY,2015,0.737
PRY,2016,0.737
PRY,2017,0.74
PRY,2018,0.744
PRY,2019,0.747
PRY,2020,0.742
PRY,2021,0.723
PRY,2022,0.747
PRY,2023,0.756
PSE,2004,0.654
PSE,2005,0.663
PSE,2006,0.664
PSE,2007,0.674
PSE,2008,0.679
PSE,2009,0.685
PSE,2010,0.691
PSE,2011,0.698
PSE,2012,0.704
PSE,2013,0.706
PSE,2014,0.7
PSE,2015,0.712
PSE,2016,0.717
PSE,2017,0.721
PSE,2018,0.725
PSE,2019,0.729
PSE,2020,0.718
PSE,2021,0.718
PSE,2022,0.733
PSE,2023,0.674
QAT,1990,0.767
QAT,1991,0.768
QAT,1992,0.77
QAT,1993,0.778
QAT,1994,0.784
QAT,1995,0.788
QAT,1996,0.791
QAT,1997,0.794
QAT,1998,0.796
QAT,1999,0.796
QAT,2000,0.795
QAT,2001,0.795
QAT,2002,0.798
QAT,2003,0.804
QAT,2004,0.807
QAT,2005,0.815
QAT,2006,0.822
QAT,2007,0.831
QAT,2008,0.839
QAT,2009,0.838
QAT,2010,0.834
QAT,2011,0.835
QAT,2012,0.846
QAT,2013,0.859
QAT,2014,0.857
QAT,2015,0.86
QAT,2016,0.861
QAT,2017,0.87
QAT,2018,0.876
QAT,2019,0.88
QAT,2020,0.872
QAT,2021,0.866
QAT,2022,0.883
QAT,2023,0.886
ROU,1990,0.719
ROU,1991,0.705
ROU,1992,0.694
ROU,1993,0.692
ROU,1994,0.695
ROU,1995,0.701
ROU,1996,0.707
ROU,1997,0.709
ROU,1998,0.715
ROU,1999,0.724
ROU,2000,0.73
ROU,2001,0.737
ROU,2002,0.745
ROU,2003,0.749
ROU,2004,0.757
ROU,2005,0.765
ROU,2006,0.781
ROU,2007,0.792
ROU,2008,0.815
ROU,2009,0.826
ROU,2010,0.822
ROU,2011,0.823
ROU,2012,0.817
ROU,2013,0.821
ROU,2014,0.82
ROU,2015,0.823
ROU,2016,0.823
ROU,2017,0.828
ROU,2018,0.833
ROU,2019,0.838
ROU,2020,0.832
ROU,2021,0.829
ROU,2022,0.84
ROU,2023,0.845
RUS,1990,0.762
RUS,1991,0.758
RUS,1992,0.744
RUS,1993,0.725
RUS,1994,0.712
RUS,1995,0.713
RUS,1996,0.723
RUS,1997,0.734
RUS,1998,0.738
RUS,1999,0.74
RUS,2000,0.75
RUS,2001,0.758
RUS,2002,0.764
RUS,2003,0.772
RUS,2004,0.777
RUS,2005,0.78
RUS,2006,0.791
RUS,2007,0.802
RUS,2008,0.807
RUS,2009,0.805
RUS,2010,0.808
RUS,2011,0.822
RUS,2012,0.825
RUS,2013,0.83
RUS,2014,0.831
RUS,2015,0.833
RUS,2016,0.835
RUS,2017,0.838
RUS,2018,0.845
RUS,2019,0.847
RUS,2020,0.818
RUS,2021,0.813
RUS,2022,0.826
RUS,2023,0.832
RWA,1995,0.294
RWA,1996,0.297
RWA,1997,0.295
RWA,1998,0.304
RWA,1999,0.317
RWA,2000,0.34
RWA,2001,0.37
RWA,2002,0.385
RWA,2003,0.398
RWA,2004,0.417
RWA,2005,0.433
RWA,2006,0.452
RWA,2007,0.467
RWA,2008,0.479
RWA,2009,0.493
RWA,2010,0.504
RWA,2011,0.512
RWA,2012,0.521
RWA,2013,0.499
RWA,2014,0.525
RWA,2015,0.525
RWA,2016,0.534
RWA,2017,0.539
RWA,2018,0.54
RWA,2019,0.55
RWA,2020,0.555
RWA,2021,0.562
RWA,2022,0.57
RWA,2023,0.578
SAU,1990,0.67
SAU,1991,0.681
SAU,1992,0.688
SAU,1993,0.693
SAU,1994,0.699
SAU,1995,0.705
SAU,1996,0.711
SAU,1997,0.718
SAU,1998,0.725
SAU,1999,0.729
SAU,2000,0.737
SAU,2001,0.744
SAU,2002,0.75
SAU,2003,0.762
SAU,2004,0.773
SAU,2005,0.782
SAU,2006,0.785
SAU,2007,0.786
SAU,2008,0.792
SAU,2009,0.794
SAU,2010,0.801
SAU,2011,0.811
SAU,2012,0.819
SAU,2013,0.827
SAU,2014,0.841
SAU,2015,0.851
SAU,2016,0.86
SAU,2017,0.869
SAU,2018,0.875
SAU,2019,0.878
SAU,2020,0.875
SAU,2021,0.878
SAU,2022,0.893
SAU,2023,0.9
SDN,2008,0.456
SDN,2009,0.469
SDN,2010,0.479
SDN,2011,0.476
SDN,2012,0.482
SDN,2013,0.488
SDN,2014,0.496
SDN,2015,0.498
SDN,2016,0.502
SDN,2017,0.506
SDN,2018,0.515
SDN,2019,0.517
SDN,2020,0.513
SDN,2021,0.512
SDN,2022,0.516
SDN,2023,0.511
SEN,1990,0.377
SEN,1991,0.379
SEN,1992,0.381
SEN,1993,0.382
SEN,1994,0.382
SEN,1995,0.384
SEN,1996,0.385
SEN,1997,0.386
SEN,1998,0.389
SEN,1999,0.392
SEN,2000,0.398
SEN,2001,0.404
SEN,2002,0.409
SEN,2003,0.416
SEN,2004,0.423
SEN,2005,0.43
SEN,2006,0.438
SEN,2007,0.45
SEN,2008,0.462
SEN,2009,0.47
SEN,2010,0.477
SEN,2011,0.491
SEN,2012,0.499
SEN,2013,0.504
SEN,2014,0.508
SEN,2015,0.509
SEN,2016,0.516
SEN,2017,0.517
SEN,2018,0.522
SEN,2019,0.52
SEN,2020,0.522
SEN,2021,0.522
SEN,2022,0.526
SEN,2023,0.53
SGP,1990,0.819
SGP,1991,0.826
SGP,1992,0.833
SGP,1993,0.84
SGP,1994,0.848
SGP,1995,0.854
SGP,1996,0.859
SGP,1997,0.866
SGP,1998,0.869
SGP,1999,0.875
SGP,2000,0.882
SGP,2001,0.885
SGP,2002,0.891
SGP,2003,0.897
SGP,2004,0.905
SGP,2005,0.911
SGP,2006,0.911
SGP,2007,0.914
SGP,2008,0.924
SGP,2009,0.928
SGP,2010,0.932
SGP,2011,0.933
SGP,2012,0.933
SGP,2013,0.934
SGP,2014,0.934
SGP,2015,0.935
SGP,2016,0.934
SGP,2017,0.935
SGP,2018,0.939
SGP,2019,0.942
SGP,2020,0.944
SGP,2021,0.948
SGP,2022,0.942
SGP,2023,0.946
SLB,1999,0.554
SLB,2000,0.547
SLB,2001,0.542
SLB,2002,0.539
SLB,2003,0.543
SLB,2004,0.548
SLB,2005,0.553
SLB,2006,0.553
SLB,2007,0.552
SLB,2008,0.556
SLB,2009,0.557
SLB,2010,0.564
SLB,2011,0.567
SLB,2012,0.57
SLB,2013,0.576
SLB,2014,0.575
SLB,2015,0.576
SLB,2016,0.578
SLB,2017,0.581
SLB,2018,0.582
SLB,2019,0.583
SLB,2020,0.579
SLB,2021,0.577
SLB,2022,0.583
SLB,2023,0.584
SLE,1990,0.313
SLE,1991,0.303
SLE,1992,0.305
SLE,1993,0.312
SLE,1994,0.312
SLE,1995,0.314
SLE,1996,0.311
SLE,1997,0.307
SLE,1998,0.304
SLE,1999,0.301
SLE,2000,0.318
SLE,2001,0.33
SLE,2002,0.345
SLE,2003,0.354
SLE,2004,0.363
SLE,2005,0.37
SLE,2006,0.372
SLE,2007,0.391
SLE,2008,0.4
SLE,2009,0.406
SLE,2010,0.41
SLE,2011,0.416
SLE,2012,0.418
SLE,2013,0.436
SLE,2014,0.438
SLE,2015,0.432
SLE,2016,0.441
SLE,2017,0.445
SLE,2018,0.451
SLE,2019,0.455
SLE,2020,0.454
SLE,2021,0.458
SLE,2022,0.463
SLE,2023,0.467
SLV,1990,0.523
SLV,1991,0.529
SLV,1992,0.538
SLV,1993,0.548
SLV,1994,0.558
SLV,1995,0.567
SLV,1996,0.576
SLV,1997,0.586
SLV,1998,0.594
SLV,1999,0.598
SLV,2000,0.607
SLV,2001,0.612
SLV,2002,0.621
SLV,2003,0.628
SLV,2004,0.636
SLV,2005,0.642
SLV,2006,0.647
SLV,2007,0.653
SLV,2008,0.653
SLV,2009,0.653
SLV,2010,0.66
SLV,2011,0.662
SLV,2012,0.666
SLV,2013,0.668
SLV,2014,0.668
SLV,2015,0.667
SLV,2016,0.666
SLV,2017,0.665
SLV,2018,0.67
SLV,2019,0.67
SLV,2020,0.66
SLV,2021,0.663
SLV,2022,0.674
SLV,2023,0.678
SMR,2000,0.881
SMR,2001,0.883
SMR,2002,0.885
SMR,2003,0.888
SMR,2004,0.89
SMR,2005,0.893
SMR,2006,0.895
SMR,2007,0.898
SMR,2008,0.9
SMR,2009,0.903
SMR,2010,0.905
SMR,2011,0.902
SMR,2012,0.893
SMR,2013,0.896
SMR,2014,0.897
SMR,2015,0.896
SMR,2016,0.898
SMR,2017,0.903
SMR,2018,0.904
SMR,2019,0.908
SMR,2020,0.895
SMR,2021,0.903
SMR,2022,0.91
SMR,2023,0.915
SOM,2022,0.385
SOM,2023,0.404
SRB,1995,0.686
SRB,1996,0.692
SRB,1997,0.698
SRB,1998,0.699
SRB,1999,0.685
SRB,2000,0.701
SRB,2001,0.707
SRB,2002,0.711
SRB,2003,0.72
SRB,2004,0.732
SRB,2005,0.743
SRB,2006,0.753
SRB,2007,0.763
SRB,2008,0.773
SRB,2009,0.774
SRB,2010,0.775
SRB,2011,0.785
SRB,2012,0.788
SRB,2013,0.792
SRB,2014,0.795
SRB,2015,0.802
SRB,2016,0.806
SRB,2017,0.808
SRB,2018,0.814
SRB,2019,0.817
SRB,2020,0.809
SRB,2021,0.807
SRB,2022,0.826
SRB,2023,0.833
SSD,2010,0.42
SSD,2011,0.422
SSD,2012,0.389
SSD,2013,0.391
SSD,2014,0.343
SSD,2015,0.317
SSD,2016,0.297
SSD,2017,0.292
SSD,2018,0.371
SSD,2019,0.403
SSD,2020,0.398
SSD,2021,0.393
SSD,2022,0.388
SSD,2023,0.388
STP,2005,0.535
STP,2006,0.546
STP,2007,0.552
STP,2008,0.557
STP,2009,0.561
STP,2010,0.564
STP,2011,0.569
STP,2012,0.574
STP,2013,0.585
STP,2014,0.596
STP,2015,0.608
STP,2016,0.613
STP,2017,0.617
STP,2018,0.621
STP,2019,0.625
STP,2020,0.628
STP,2021,0.631
STP,2022,0.636
STP,2023,0.637
SUR,2004,0.679
SUR,2005,0.685
SUR,2006,0.69
SUR,2007,0.697
SUR,2008,0.701
SUR,2009,0.704
SUR,2010,0.707
SUR,2011,0.708
SUR,2012,0.711
SUR,2013,0.714
SUR,2014,0.715
SUR,2015,0.718
SUR,2016,0.716
SUR,2017,0.715
SUR,2018,0.719
SUR,2019,0.72
SUR,2020,0.714
SUR,2021,0.697
SUR,2022,0.719
SUR,2023,0.722
SVK,1990,0.698
SVK,1991,0.697
SVK,1992,0.702
SVK,1993,0.71
SVK,1994,0.72
SVK,1995,0.729
SVK,1996,0.74
SVK,1997,0.747
SVK,1998,0.758
SVK,1999,0.765
SVK,2000,0.774
SVK,2001,0.781
SVK,2002,0.79
SVK,2003,0.796
SVK,2004,0.806
SVK,2005,0.815
SVK,2006,0.824
SVK,2007,0.834
SVK,2008,0.842
SVK,2009,0.845
SVK,2010,0.851
SVK,2011,0.856
SVK,2012,0.856
SVK,2013,0.858
SVK,2014,0.859
SVK,2015,0.861
SVK,2016,0.864
SVK,2017,0.865
SVK,2018,0.868
SVK,2019,0.871
SVK,2020,0.867
SVK,2021,0.859
SVK,2022,0.873
SVK,2023,0.88
SVN,1990,0.734
SVN,1991,0.736
SVN,1992,0.741
SVN,1993,0.746
SVN,1994,0.756
SVN,1995,0.768
SVN,1996,0.778
SVN,1997,0.789
SVN,1998,0.802
SVN,1999,0.82
SVN,2000,0.829
SVN,2001,0.845
SVN,2002,0.855
SVN,2003,0.865
SVN,2004,0.87
SVN,2005,0.876
SVN,2006,0.883
SVN,2007,0.888
SVN,2008,0.894
SVN,2009,0.894
SVN,2010,0.896
SVN,2011,0.897
SVN,2012,0.897
SVN,2013,0.907
SVN,2014,0.907
SVN,2015,0.909
SVN,2016,0.914
SVN,2017,0.918
SVN,2018,0.922
SVN,2019,0.923
SVN,2020,0.918
SVN,2021,0.924
SVN,2022,0.926
SVN,2023,0.931
SWE,1990,0.818
SWE,1991,0.821
SWE,1992,0.829
SWE,1993,0.85
SWE,1994,0.862
SWE,1995,0.869
SWE,1996,0.877
SWE,1997,0.888
SWE,1998,0.901
SWE,1999,0.906
SWE,2000,0.912
SWE,2001,0.915
SWE,2002,0.918
SWE,2003,0.923
SWE,2004,0.908
SWE,2005,0.911
SWE,2006,0.915
SWE,2007,0.917
SWE,2008,0.913
SWE,2009,0.912
SWE,2010,0.918
SWE,2011,0.92
SWE,2012,0.92
SWE,2013,0.94
SWE,2014,0.943
SWE,2015,0.945
SWE,2016,0.947
SWE,2017,0.949
SWE,2018,0.95
SWE,2019,0.955
SWE,2020,0.951
SWE,2021,0.958
SWE,2022,0.959
SWE,2023,0.959
SWZ,1990,0.57
SWZ,1991,0.565
SWZ,1992,0.558
SWZ,1993,0.55
SWZ,1994,0.543
SWZ,1995,0.54
SWZ,1996,0.532
SWZ,1997,0.523
SWZ,1998,0.511
SWZ,1999,0.504
SWZ,2000,0.493
SWZ,2001,0.484
SWZ,2002,0.473
SWZ,2003,0.469
SWZ,2004,0.467
SWZ,2005,0.472
SWZ,2006,0.485
SWZ,2007,0.497
SWZ,2008,0.507
SWZ,2009,0.519
SWZ,2010,0.534
SWZ,2011,0.545
SWZ,2012,0.562
SWZ,2013,0.578
SWZ,2014,0.592
SWZ,2015,0.607
SWZ,2016,0.619
SWZ,2017,0.631
SWZ,2018,0.643
SWZ,2019,0.653
SWZ,2020,0.657
SWZ,2021,0.658
SWZ,2022,0.695
SWZ,2023,0.695
SYC,2010,0.758
SYC,2011,0.772
SYC,2012,0.797
SYC,2013,0.797
SYC,2014,0.814
SYC,2015,0.819
SYC,2016,0.836
SYC,2017,0.844
SYC,2018,0.847
SYC,2019,0.85
SYC,2020,0.853
SYC,2021,0.838
SYC,2022,0.836
SYC,2023,0.848
SYR,1990,0.572
SYR,1991,0.577
SYR,1992,0.582
SYR,1993,0.583
SYR,1994,0.587
SYR,1995,0.587
SYR,1996,0.59
SYR,1997,0.593
SYR,1998,0.595
SYR,1999,0.595
SYR,2000,0.594
SYR,2001,0.602
SYR,2002,0.61
SYR,2003,0.621
SYR,2004,0.635
SYR,2005,0.646
SYR,2006,0.658
SYR,2007,0.665
SYR,2008,0.66
SYR,2009,0.668
SYR,2010,0.669
SYR,2011,0.664
SYR,2012,0.626
SYR,2013,0.567
SYR,2014,0.561
SYR,2015,0.549
SYR,2016,0.552
SYR,2017,0.551
SYR,2018,0.557
SYR,2019,0.569
SYR,2020,0.57
SYR,2021,0.571
SYR,2022,0.571
SYR,2023,0.564
TCD,2000,0.303
TCD,2001,0.313
TCD,2002,0.32
TCD,2003,0.32
TCD,2004,0.338
TCD,2005,0.339
TCD,2006,0.339
TCD,2007,0.35
TCD,2008,0.354
TCD,2009,0.369
TCD,2010,0.375
TCD,2011,0.384
TCD,2012,0.391
TCD,2013,0.396
TCD,2014,0.401
TCD,2015,0.396
TCD,2016,0.396
TCD,2017,0.397
TCD,2018,0.402
TCD,2019,0.406
TCD,2020,0.408
TCD,2021,0.408
TCD,2022,0.414
TCD,2023,0.416
TGO,1990,0.412
TGO,1991,0.415
TGO,1992,0.406
TGO,1993,0.404
TGO,1994,0.413
TGO,1995,0.425
TGO,1996,0.433
TGO,1997,0.441
TGO,1998,0.442
TGO,1999,0.446
TGO,2000,0.448
TGO,2001,0.452
TGO,2002,0.455
TGO,2003,0.46
TGO,2004,0.461
TGO,2005,0.46
TGO,2006,0.465
TGO,2007,0.458
TGO,2008,0.465
TGO,2009,0.473
TGO,2010,0.483
TGO,2011,0.495
TGO,2012,0.5
TGO,2013,0.507
TGO,2014,0.514
TGO,2015,0.523
TGO,2016,0.528
TGO,2017,0.534
TGO,2018,0.542
TGO,2019,0.549
TGO,2020,0.554
TGO,2021,0.56
TGO,2022,0.567
TGO,2023,0.571
THA,1990,0.584
THA,1991,0.593
THA,1992,0.603
THA,1993,0.612
THA,1994,0.62
THA,1995,0.628
THA,1996,0.634
THA,1997,0.639
THA,1998,0.642
THA,1999,0.65
THA,2000,0.657
THA,2001,0.667
THA,2002,0.678
THA,2003,0.69
THA,2004,0.699
THA,2005,0.707
THA,2006,0.71
THA,2007,0.721
THA,2008,0.723
THA,2009,0.725
THA,2010,0.742
THA,2011,0.747
THA,2012,0.75
THA,2013,0.752
THA,2014,0.784
THA,2015,0.788
THA,2016,0.792
THA,2017,0.794
THA,2018,0.796
THA,2019,0.8
THA,2020,0.798
THA,2021,0.8
THA,2022,0.792
THA,2023,0.798
TJK,1993,0.549
TJK,1994,0.538
TJK,1995,0.547
TJK,1996,0.528
TJK,1997,0.536
TJK,1998,0.541
TJK,1999,0.546
TJK,2000,0.554
TJK,2001,0.563
TJK,2002,0.575
TJK,2003,0.587
TJK,2004,0.598
TJK,2005,0.611
TJK,2006,0.62
TJK,2007,0.625
TJK,2008,0.634
TJK,2009,0.634
TJK,2010,0.639
TJK,2011,0.644
TJK,2012,0.649
TJK,2013,0.655
TJK,2014,0.657
TJK,2015,0.658
TJK,2016,0.661
TJK,2017,0.666
TJK,2018,0.67
TJK,2019,0.673
TJK,2020,0.664
TJK,2021,0.672
TJK,2022,0.687
TJK,2023,0.691
TKM,2005,0.653
TKM,2006,0.662
TKM,2007,0.673
TKM,2008,0.683
TKM,2009,0.69
TKM,2010,0.7
TKM,2011,0.709
TKM,2012,0.714
TKM,2013,0.716
TKM,2014,0.719
TKM,2015,0.725
TKM,2016,0.729
TKM,2017,0.732
TKM,2018,0.735
TKM,2019,0.741
TKM,2020,0.744
TKM,2021,0.754
TKM,2022,0.761
TKM,2023,0.764
TLS,2000,0.507
TLS,2001,0.521
TLS,2002,0.534
TLS,2003,0.534
TLS,2004,0.547
TLS,2005,0.564
TLS,2006,0.588
TLS,2007,0.609
TLS,2008,0.634
TLS,2009,0.631
TLS,2010,0.645
TLS,2011,0.655
TLS,2012,0.65
TLS,2013,0.646
TLS,2014,0.637
TLS,2015,0.628
TLS,2016,0.618
TLS,2017,0.621
TLS,2018,0.624
TLS,2019,0.642
TLS,2020,0.65
TLS,2021,0.644
TLS,2022,0.633
TLS,2023,0.634
TON,1990,0.641
TON,1991,0.649
TON,1992,0.654
TON,1993,0.66
TON,1994,0.67
TON,1995,0.675
TON,1996,0.678
TON,1997,0.68
TON,1998,0.685
TON,1999,0.688
TON,2000,0.688
TON,2001,0.693
TON,2002,0.7
TON,2003,0.703
TON,2004,0.705
TON,2005,0.706
TON,2006,0.708
TON,2007,0.71
TON,2008,0.717
TON,2009,0.718
TON,2010,0.724
TON,2011,0.731
TON,2012,0.735
TON,2013,0.737
TON,2014,0.74
TON,2015,0.743
TON,2016,0.749
TON,2017,0.755
TON,2018,0.759
TON,2019,0.763
TON,2020,0.765
TON,2021,0.763
TON,2022,0.764
TON,2023,0.769
TTO,1990,0.661
TTO,1991,0.665
TTO,1992,0.665
TTO,1993,0.667
TTO,1994,0.672
TTO,1995,0.677
TTO,1996,0.684
TTO,1997,0.692
TTO,1998,0.7
TTO,1999,0.708
TTO,2000,0.714
TTO,2001,0.721
TTO,2002,0.73
TTO,2003,0.74
TTO,2004,0.75
TTO,2005,0.756
TTO,2006,0.766
TTO,2007,0.774
TTO,2008,0.782
TTO,2009,0.782
TTO,2010,0.789
TTO,2011,0.792
TTO,2012,0.796
TTO,2013,0.802
TTO,2014,0.805
TTO,2015,0.808
TTO,2016,0.806
TTO,2017,0.806
TTO,2018,0.803
TTO,2019,0.805
TTO,2020,0.8
TTO,2021,0.796
TTO,2022,0.805
TTO,2023,0.807
TUN,1990,0.569
TUN,1991,0.575
TUN,1992,0.582
TUN,1993,0.587
TUN,1994,0.598
TUN,1995,0.606
TUN,1996,0.616
TUN,1997,0.623
TUN,1998,0.636
TUN,1999,0.646
TUN,2000,0.654
TUN,2001,0.661
TUN,2002,0.667
TUN,2003,0.673
TUN,2004,0.683
TUN,2005,0.69
TUN,2006,0.697
TUN,2007,0.703
TUN,2008,0.709
TUN,2009,0.713
TUN,2010,0.717
TUN,2011,0.718
TUN,2012,0.72
TUN,2013,0.722
TUN,2014,0.725
TUN,2015,0.728
TUN,2016,0.733
TUN,2017,0.737
TUN,2018,0.742
TUN,2019,0.74
TUN,2020,0.733
TUN,2021,0.728
TUN,2022,0.745
TUN,2023,0.746
TUR,1990,0.598
TUR,1991,0.602
TUR,1992,0.608
TUR,1993,0.615
TUR,1994,0.616
TUR,1995,0.623
TUR,1996,0.63
TUR,1997,0.638
TUR,1998,0.649
TUR,1999,0.652
TUR,2000,0.669
TUR,2001,0.675
TUR,2002,0.685
TUR,2003,0.691
TUR,2004,0.696
TUR,2005,0.701
TUR,2006,0.711
TUR,2007,0.719
TUR,2008,0.721
TUR,2009,0.728
TUR,2010,0.75
TUR,2011,0.764
TUR,2012,0.772
TUR,2013,0.802
TUR,2014,0.813
TUR,2015,0.821
TUR,2016,0.826
TUR,2017,0.833
TUR,2018,0.838
TUR,2019,0.841
TUR,2020,0.838
TUR,2021,0.841
TUR,2022,0.853
TUR,2023,0.853
TUV,1990,0.566
TUV,1991,0.57
TUV,1992,0.566
TUV,1993,0.579
TUV,1994,0.586
TUV,1995,0.587
TUV,1996,0.587
TUV,1997,0.595
TUV,1998,0.605
TUV,1999,0.608
TUV,2000,0.61
TUV,2001,0.613
TUV,2002,0.621
TUV,2003,0.621
TUV,2004,0.621
TUV,2005,0.621
TUV,2006,0.625
TUV,2007,0.63
TUV,2008,0.636
TUV,2009,0.635
TUV,2010,0.636
TUV,2011,0.641
TUV,2012,0.642
TUV,2013,0.647
TUV,2014,0.65
TUV,2015,0.658
TUV,2016,0.664
TUV,2017,0.668
TUV,2018,0.672
TUV,2019,0.681
TUV,2020,0.681
TUV,2021,0.681
TUV,2022,0.686
TUV,2023,0.689
TZA,1990,0.381
TZA,1991,0.382
TZA,1992,0.381
TZA,1993,0.382
TZA,1994,0.38
TZA,1995,0.38
TZA,1996,0.383
TZA,1997,0.388
TZA,1998,0.396
TZA,1999,0.404
TZA,2000,0.414
TZA,2001,0.422
TZA,2002,0.433
TZA,2003,0.444
TZA,2004,0.455
TZA,2005,0.465
TZA,2006,0.477
TZA,2007,0.486
TZA,2008,0.495
TZA,2009,0.504
TZA,2010,0.513
TZA,2011,0.516
TZA,2012,0.519
TZA,2013,0.521
TZA,2014,0.521
TZA,2015,0.52
TZA,2016,0.52
TZA,2017,0.528
TZA,2018,0.537
TZA,2019,0.546
TZA,2020,0.554
TZA,2021,0.548
TZA,2022,0.554
TZA,2023,0.555
UGA,1990,0.342
UGA,1991,0.345
UGA,1992,0.339
UGA,1993,0.347
UGA,1994,0.35
UGA,1995,0.356
UGA,1996,0.367
UGA,1997,0.376
UGA,1998,0.386
UGA,1999,0.398
UGA,2000,0.407
UGA,2001,0.418
UGA,2002,0.432
UGA,2003,0.446
UGA,2004,0.461
UGA,2005,0.47
UGA,2006,0.481
UGA,2007,0.492
UGA,2008,0.502
UGA,2009,0.509
UGA,2010,0.514
UGA,2011,0.522
UGA,2012,0.526
UGA,2013,0.532
UGA,2014,0.539
UGA,2015,0.547
UGA,2016,0.553
UGA,2017,0.557
UGA,2018,0.563
UGA,2019,0.569
UGA,2020,0.571
UGA,2021,0.573
UGA,2022,0.578
UGA,2023,0.582
UKR,1990,0.75
UKR,1991,0.743
UKR,1992,0.733
UKR,1993,0.721
UKR,1994,0.706
UKR,1995,0.702
UKR,1996,0.701
UKR,1997,0.706
UKR,1998,0.71
UKR,1999,0.714
UKR,2000,0.716
UKR,2001,0.728
UKR,2002,0.736
UKR,2003,0.745
UKR,2004,0.751
UKR,2005,0.757
UKR,2006,0.762
UKR,2007,0.77
UKR,2008,0.776
UKR,2009,0.773
UKR,2010,0.782
UKR,2011,0.786
UKR,2012,0.789
UKR,2013,0.789
UKR,2014,0.788
UKR,2015,0.778
UKR,2016,0.78
UKR,2017,0.785
UKR,2018,0.784
UKR,2019,0.789
UKR,2020,0.783
UKR,2021,0.772
UKR,2022,0.772
UKR,2023,0.779
URY,1990,0.713
URY,1991,0.717
URY,1992,0.719
URY,1993,0.722
URY,1994,0.727
URY,1995,0.729
URY,1996,0.736
URY,1997,0.747
URY,1998,0.757
URY,1999,0.76
URY,2000,0.764
URY,2001,0.771
URY,2002,0.775
URY,2003,0.78
URY,2004,0.779
URY,2005,0.778
URY,2006,0.777
URY,2007,0.78
URY,2008,0.783
URY,2009,0.787
URY,2010,0.796
URY,2011,0.801
URY,2012,0.804
URY,2013,0.812
URY,2014,0.816
URY,2015,0.818
URY,2016,0.821
URY,2017,0.827
URY,2018,0.826
URY,2019,0.83
URY,2020,0.837
URY,2021,0.837
URY,2022,0.852
URY,2023,0.862
USA,1990,0.878
USA,1991,0.878
USA,1992,0.882
USA,1993,0.884
USA,1994,0.887
USA,1995,0.888
USA,1996,0.89
USA,1997,0.893
USA,1998,0.895
USA,1999,0.895
USA,2000,0.895
USA,2001,0.897
USA,2002,0.898
USA,2003,0.9
USA,2004,0.905
USA,2005,0.907
USA,2006,0.911
USA,2007,0.914
USA,2008,0.914
USA,2009,0.915
USA,2010,0.919
USA,2011,0.92
USA,2012,0.923
USA,2013,0.925
USA,2014,0.926
USA,2015,0.928
USA,2016,0.929
USA,2017,0.931
USA,2018,0.934
USA,2019,0.936
USA,2020,0.925
USA,2021,0.921
USA,2022,0.93
USA,2023,0.938
UZB,2000,0.603
UZB,2001,0.61
UZB,2002,0.618
UZB,2003,0.625
UZB,2004,0.632
UZB,2005,0.638
UZB,2006,0.644
UZB,2007,0.658
UZB,2008,0.663
UZB,2009,0.672
UZB,2010,0.681
UZB,2011,0.686
UZB,2012,0.692
UZB,2013,0.698
UZB,2014,0.703
UZB,2015,0.707
UZB,2016,0.714
UZB,2017,0.719
UZB,2018,0.725
UZB,2019,0.73
UZB,2020,0.723
UZB,2021,0.727
UZB,2022,0.737
UZB,2023,0.74
VCT,2000,0.7
VCT,2001,0.704
VCT,2002,0.71
VCT,2003,0.715
VCT,2004,0.719
VCT,2005,0.724
VCT,2006,0.731
VCT,2007,0.737
VCT,2008,0.741
VCT,2009,0.745
VCT,2010,0.746
VCT,2011,0.749
VCT,2012,0.753
VCT,2013,0.755
VCT,2014,0.759
VCT,2015,0.765
VCT,2016,0.771
VCT,2017,0.778
VCT,2018,0.783
VCT,2019,0.787
VCT,2020,0.781
VCT,2021,0.781
VCT,2022,0.794
VCT,2023,0.798
VEN,1990,0.658
VEN,1991,0.669
VEN,1992,0.676
VEN,1993,0.68
VEN,1994,0.681
VEN,1995,0.687
VEN,1996,0.69
VEN,1997,0.698
VEN,1998,0.7
VEN,1999,0.698
VEN,2000,0.703
VEN,2001,0.708
VEN,2002,0.716
VEN,2003,0.707
VEN,2004,0.718
VEN,2005,0.728
VEN,2006,0.736
VEN,2007,0.753
VEN,2008,0.759
VEN,2009,0.76
VEN,2010,0.764
VEN,2011,0.77
VEN,2012,0.772
VEN,2013,0.773
VEN,2014,0.77
VEN,2015,0.768
VEN,2016,0.761
VEN,2017,0.749
VEN,2018,0.741
VEN,2019,0.724
VEN,2020,0.699
VEN,2021,0.696
VEN,2022,0.706
VEN,2023,0.709
VNM,1990,0.499
VNM,1991,0.509
VNM,1992,0.521
VNM,1993,0.531
VNM,1994,0.543
VNM,1995,0.556
VNM,1996,0.567
VNM,1997,0.578
VNM,1998,0.588
VNM,1999,0.596
VNM,2000,0.604
VNM,2001,0.612
VNM,2002,0.621
VNM,2003,0.63
VNM,2004,0.638
VNM,2005,0.647
VNM,2006,0.656
VNM,2007,0.664
VNM,2008,0.672
VNM,2009,0.679
VNM,2010,0.686
VNM,2011,0.693
VNM,2012,0.698
VNM,2013,0.704
VNM,2014,0.711
VNM,2015,0.717
VNM,2016,0.723
VNM,2017,0.729
VNM,2018,0.737
VNM,2019,0.744
VNM,2020,0.755
VNM,2021,0.754
VNM,2022,0.764
VNM,2023,0.766
VUT,2005,0.561
VUT,2006,0.567
VUT,2007,0.57
VUT,2008,0.578
VUT,2009,0.579
VUT,2010,0.582
VUT,2011,0.587
VUT,2012,0.587
VUT,2013,0.592
VUT,2014,0.597
VUT,2015,0.599
VUT,2016,0.603
VUT,2017,0.607
VUT,2018,0.612
VUT,2019,0.622
VUT,2020,0.617
VUT,2021,0.615
VUT,2022,0.621
VUT,2023,0.621
WSM,1995,0.655
WSM,1996,0.663
WSM,1997,0.665
WSM,1998,0.669
WSM,1999,0.672
WSM,2000,0.676
WSM,2001,0.683
WSM,2002,0.682
WSM,2003,0.687
WSM,2004,0.691
WSM,2005,0.694
WSM,2006,0.697
WSM,2007,0.701
WSM,2008,0.702
WSM,2009,0.694
WSM,2010,0.708
WSM,2011,0.711
WSM,2012,0.707
WSM,2013,0.706
WSM,2014,0.706
WSM,2015,0.708
WSM,2016,0.712
WSM,2017,0.712
WSM,2018,0.711
WSM,2019,0.708
WSM,2020,0.708
WSM,2021,0.706
WSM,2022,0.703
WSM,2023,0.708
YEM,1990,0.359
YEM,1991,0.364
YEM,1992,0.37
YEM,1993,0.377
YEM,1994,0.382
YEM,1995,0.393
YEM,1996,0.405
YEM,1997,0.413
YEM,1998,0.423
YEM,1999,0.429
YEM,2000,0.439
YEM,2001,0.449
YEM,2002,0.458
YEM,2003,0.467
YEM,2004,0.475
YEM,2005,0.481
YEM,2006,0.486
YEM,2007,0.489
YEM,2008,0.492
YEM,2009,0.497
YEM,2010,0.502
YEM,2011,0.501
YEM,2012,0.503
YEM,2013,0.507
YEM,2014,0.502
YEM,2015,0.475
YEM,2016,0.467
YEM,2017,0.459
YEM,2018,0.454
YEM,2019,0.458
YEM,2020,0.459
YEM,2021,0.458
YEM,2022,0.466
YEM,2023,0.47
ZAF,1990,0.633
ZAF,1991,0.641
ZAF,1992,0.645
ZAF,1993,0.65
ZAF,1994,0.654
ZAF,1995,0.654
ZAF,1996,0.649
ZAF,1997,0.642
ZAF,1998,0.634
ZAF,1999,0.626
ZAF,2000,0.618
ZAF,2001,0.613
ZAF,2002,0.614
ZAF,2003,0.61
ZAF,2004,0.613
ZAF,2005,0.616
ZAF,2006,0.622
ZAF,2007,0.632
ZAF,2008,0.643
ZAF,2009,0.657
ZAF,2010,0.669
ZAF,2011,0.683
ZAF,2012,0.696
ZAF,2013,0.705
ZAF,2014,0.713
ZAF,2015,0.722
ZAF,2016,0.722
ZAF,2017,0.726
ZAF,2018,0.732
ZAF,2019,0.742
ZAF,2020,0.724
ZAF,2021,0.721
ZAF,2022,0.737
ZAF,2023,0.741
ZMB,1990,0.422
ZMB,1991,0.416
ZMB,1992,0.414
ZMB,1993,0.417
ZMB,1994,0.413
ZMB,1995,0.413
ZMB,1996,0.415
ZMB,1997,0.418
ZMB,1998,0.418
ZMB,1999,0.423
ZMB,2000,0.429
ZMB,2001,0.437
ZMB,2002,0.445
ZMB,2003,0.458
ZMB,2004,0.468
ZMB,2005,0.48
ZMB,2006,0.492
ZMB,2007,0.504
ZMB,2008,0.514
ZMB,2009,0.526
ZMB,2010,0.533
ZMB,2011,0.538
ZMB,2012,0.551
ZMB,2013,0.557
ZMB,2014,0.559
ZMB,2015,0.565
ZMB,2016,0.565
ZMB,2017,0.57
ZMB,2018,0.575
ZMB,2019,0.578
ZMB,2020,0.578
ZMB,2021,0.574
ZMB,2022,0.589
ZMB,2023,0.595
ZWE,1990,0.5
ZWE,1991,0.502
ZWE,1992,0.487
ZWE,1993,0.483
ZWE,1994,0.482
ZWE,1995,0.477
ZWE,1996,0.472
ZWE,1997,0.472
ZWE,1998,0.467
ZWE,1999,0.462
ZWE,2000,0.458
ZWE,2001,0.456
ZWE,2002,0.459
ZWE,2003,0.45
ZWE,2004,0.453
ZWE,2005,0.455
ZWE,2006,0.457
ZWE,2007,0.459
ZWE,2008,0.456
ZWE,2009,0.488
ZWE,2010,0.512
ZWE,2011,0.529
ZWE,2012,0.545
ZWE,2013,0.554
ZWE,2014,0.56
ZWE,2015,0.567
ZWE,2016,0.57
ZWE,2017,0.575
ZWE,2018,0.586
ZWE,2019,0.584
ZWE,2020,0.582
ZWE,2021,0.581
ZWE,2022,0.594
ZWE,2023,0.598
