ISO3,year,eci
DZA,1999,-0.6868493135
DZA,1998,-0.8406770245
DZA,2000,-0.7896694508
DZA,2001,-0.682260418
DZA,2005,-0.6930978976
DZA,2003,-0.7215040475
DZA,2002,-0.8593053158
DZA,2004,-0.7310599655
DZA,2006,-0.7692209326
DZA,2009,-0.6036632794
DZA,2010,-0.7105656232
DZA,2022,-0.7153317957
DZA,2007,-0.7573981135
DZA,2011,-0.7544055689
DZA,2008,-0.7278217464
DZA,2023,-0.7475989307
DZA,2017,-0.9928442642
DZA,2016,-1.0325600136
DZA,2018,-0.9881302492
DZA,2019,-1.0544071113
DZA,2012,-1.0715146861
DZA,2021,-0.9834207663
DZA,2013,-1.0878082627
DZA,2015,-1.0011054839
DZA,2014,-1.0490538954
DZA,2020,-1.2247462254
EGY,1998,-0.6164514098
EGY,2005,-0.3495038849
EGY,2017,-0.0880553471
EGY,2018,-0.0950502412
EGY,2020,-0.1484934818
EGY,2016,-0.1241391884
EGY,2019,-0.1467538065
EGY,2023,-0.1091920678
EGY,1999,-0.6058786276
EGY,2004,-0.4223333471
EGY,2021,-0.0952148189
EGY,2000,-0.5960269839
EGY,2015,-0.1318372487
EGY,2022,-0.1129900828
EGY,2003,-0.5153509866
EGY,2002,-0.5533272069
EGY,2008,-0.2349489919
EGY,2001,-0.5915598519
EGY,2006,-0.3906682314
EGY,2009,-0.2649950008
EGY,2014,-0.1466010656
EGY,2007,-0.2872831869
EGY,2010,-0.2850623207
EGY,2013,-0.2597125972
EGY,2012,-0.3016617219
EGY,2011,-0.3540974069
LBY,1998,-0.8264166145
LBY,2011,-0.1843760445
LBY,1999,-0.8654741783
LBY,2005,-0.5643896945
LBY,2001,-0.6916951736
LBY,2004,-0.6298104432
LBY,2010,-0.4069785034
LBY,2002,-0.8018221175
LBY,2012,-0.33079897
LBY,2000,-1.0482652172
LBY,2003,-0.7246222432
LBY,2006,-0.6522999128
LBY,2007,-0.7018199856
LBY,2009,-0.6297988159
LBY,2017,-0.7824531042
LBY,2008,-0.8092752617
LBY,2022,-0.8619213532
LBY,2016,-0.9053397636
LBY,2023,-0.841850336
LBY,2013,-1.0837176239
LBY,2018,-1.0489194079
LBY,2021,-1.2779424236
LBY,2015,-1.2844839161
LBY,2019,-1.3496663847
LBY,2020,-1.3181843258
LBY,2014,-1.3593004477
MAR,1998,-0.9876673888
MAR,1999,-0.9959706385
MAR,2021,-0.3574674324
MAR,2000,-0.9285646209
MAR,2022,-0.3962198773
MAR,2023,-0.3591385497
MAR,2020,-0.5380384911
MAR,2001,-0.9548000676
MAR,2002,-1.0715922491
MAR,2007,-0.6877103852
MAR,2019,-0.6014968706
MAR,2003,-1.0924627929
MAR,2005,-0.9252318067
MAR,2006,-0.8585446265
MAR,2004,-1.0310603325
MAR,2011,-0.7485006606
MAR,2016,-0.7191143684
MAR,2017,-0.6903622493
MAR,2012,-0.7359426028
MAR,2008,-0.7320423604
MAR,2009,-0.7915186346
MAR,2010,-0.8049531024
MAR,2013,-0.7867718281
MAR,2015,-0.663991437
MAR,2018,-0.6958868065
MAR,2014,-0.6706965399
SDN,2001,-0.781303145
SDN,2003,-0.7025263502
SDN,2002,-0.7685580419
SDN,2004,-0.721673
SDN,2005,-1.1976986019
SDN,2006,-1.7142869145
SDN,2007,-1.6731806166
SDN,2016,-1.3849191833
SDN,2008,-1.772122196
SDN,2017,-1.4382133572
SDN,2020,-1.2976940904
SDN,2022,-1.2876088038
SDN,2023,-1.2434268069
SDN,2009,-1.9137050139
SDN,2018,-1.379230552
SDN,2010,-1.9453094666
SDN,2013,-1.443838373
SDN,2014,-1.2985797256
SDN,2015,-1.3215009472
SDN,2019,-1.4485761259
SDN,2021,-1.3126949568
SDN,2011,-2.0265195158
SDN,2012,-1.6519761137
TUN,2021,0.1873211705
TUN,2022,0.1733837663
TUN,2023,0.1292216186
TUN,2020,0.0806958224
TUN,2018,0.0544807096
TUN,2019,0.0608541545
TUN,2016,-0.0190251829
TUN,2017,0.0178235611
TUN,2015,0.0023490285
TUN,2011,-0.1007992555
TUN,2014,0.0135062709
TUN,2005,-0.3361718805
TUN,2012,-0.0747886915
TUN,2004,-0.405988039
TUN,2003,-0.4758011206
TUN,2008,-0.1960689739
TUN,2001,-0.5417288279
TUN,2002,-0.5276914659
TUN,2006,-0.3258821803
TUN,2007,-0.1956727228
TUN,2009,-0.200014884
TUN,2013,-0.1090456204
TUN,2010,-0.1846748104
TUN,1999,-0.8373773502
TUN,1998,-0.8918542695
TUN,2000,-0.717315987
ETH,2022,-0.7769519147
ETH,2021,-0.8392735298
ETH,2018,-0.7734315657
ETH,2020,-0.8864148422
ETH,2009,-0.9100045729
ETH,2019,-0.8743185094
ETH,2023,-0.835690556
ETH,2010,-1.0017931752
ETH,2017,-0.9182640035
ETH,2016,-0.9954494476
ETH,2011,-1.0814076842
ETH,2014,-1.0320388849
ETH,2015,-1.0127298435
ETH,2012,-1.1495445302
ETH,2013,-1.1835300944
KEN,1998,-0.2141163188
KEN,2000,-0.1452542243
KEN,1999,-0.1484483937
KEN,2001,-0.2030740455
KEN,2002,-0.3355305042
KEN,2003,-0.5390706481
KEN,2004,-0.5487323892
KEN,2005,-0.5148776158
KEN,2006,-0.4378106223
KEN,2007,-0.3204574279
KEN,2008,-0.3410492778
KEN,2009,-0.3653229336
KEN,2010,-0.4167365612
KEN,2019,-0.5208131021
KEN,2020,-0.4951463302
KEN,2018,-0.5428731118
KEN,2021,-0.5599400401
KEN,2014,-0.4467084306
KEN,2016,-0.5656600202
KEN,2011,-0.553203551
KEN,2012,-0.5484721598
KEN,2017,-0.5872214488
KEN,2023,-0.4711243226
KEN,2015,-0.4959509824
KEN,2022,-0.5598673379
KEN,2013,-0.5738839416
MDG,2012,-1.0600166536
MDG,2009,-1.1889129944
MDG,2021,-1.1549799417
MDG,2013,-1.2314022694
MDG,2022,-1.216915505
MDG,2023,-1.1533077912
MDG,2020,-1.2788791638
MDG,2016,-1.396814457
MDG,2017,-1.3622582957
MDG,2014,-1.2517883305
MDG,2015,-1.2468597649
MDG,2018,-1.3444043753
MDG,2019,-1.3472963508
MOZ,2005,-0.8477607918
MOZ,2004,-0.9372608909
MOZ,2006,-1.0287189451
MOZ,2007,-1.0385646897
MOZ,2008,-1.0480083111
MOZ,2009,-1.0677460899
MOZ,2010,-1.1726853026
MOZ,2013,-1.0406029407
MOZ,2011,-1.0889379694
MOZ,2020,-1.2013350473
MOZ,2015,-1.1234750228
MOZ,2016,-1.2400490954
MOZ,2019,-1.2813886725
MOZ,2014,-1.1870401735
MOZ,2017,-1.3124525724
MOZ,2018,-1.2674943016
MOZ,2012,-1.2477392361
MOZ,2022,-1.2735896745
MOZ,2021,-1.2846493245
MOZ,2023,-1.2692319571
MWI,2012,-0.8844577909
MWI,2013,-0.8629040684
SSD,2016,-2.1100688885
SSD,2017,-2.1666831281
SSD,2019,-2.1588379807
SSD,2018,-2.0568968543
SSD,2014,-2.7855158359
SSD,2015,-2.9330544944
TZA,2009,-0.6586376341
TZA,2019,-0.6723675726
TZA,2020,-0.7008237129
TZA,2008,-0.7076735975
TZA,2005,-1.0365977036
TZA,2007,-0.7257991073
TZA,2018,-0.6610101811
TZA,2004,-1.1865296578
TZA,2006,-0.9754930955
TZA,2010,-0.8595296597
TZA,2011,-0.8046225737
TZA,2012,-0.8051656465
TZA,2013,-0.8314888875
TZA,2014,-0.8607525758
TZA,2015,-0.9781728235
TZA,2016,-1.0624587273
TZA,2017,-1.1702712017
TZA,2022,-1.1752358405
TZA,2023,-1.1349708809
TZA,2021,-1.1777394675
UGA,2016,-0.3950629942
UGA,2014,-0.2849494973
UGA,2015,-0.3244692124
UGA,2013,-0.4199521174
UGA,2012,-0.5282862719
UGA,2017,-0.5501556711
UGA,2008,-0.5057467698
UGA,2009,-0.4992899637
UGA,2010,-0.5104265457
UGA,2011,-0.5946453524
UGA,2023,-0.6157155566
UGA,2018,-0.6611393103
UGA,2019,-0.813976043
UGA,2022,-0.7438863693
UGA,2020,-0.9774267622
UGA,2021,-0.9367343077
AGO,1998,-1.3313775834
AGO,1999,-1.6533252116
AGO,2000,-1.8137180091
AGO,2001,-1.7415322299
AGO,2002,-1.7429947368
AGO,2005,-1.6806712888
AGO,2003,-1.807400574
AGO,2004,-1.6306248582
AGO,2006,-1.8688553373
AGO,2007,-1.7036526436
AGO,2010,-1.2415911692
AGO,2009,-1.3986890926
AGO,2008,-1.6552197322
AGO,2011,-1.5303478949
AGO,2023,-1.229129349
AGO,2016,-1.4771719546
AGO,2013,-1.4320031693
AGO,2021,-1.2942575171
AGO,2017,-1.4895315134
AGO,2018,-1.4496467376
AGO,2022,-1.454026729
AGO,2012,-1.594486395
AGO,2019,-1.4500635525
AGO,2020,-1.3664242002
AGO,2014,-1.3806050973
AGO,2015,-1.5775347895
CMR,1998,-1.7929799128
CMR,2002,-1.3196733717
CMR,1999,-1.7763302446
CMR,2000,-1.8310305672
CMR,2003,-1.3275203739
CMR,2001,-1.585425982
CMR,2016,-0.8678736572
CMR,2004,-1.3282472668
CMR,2017,-0.8887548414
CMR,2009,-1.0495561463
CMR,2015,-0.8424052276
CMR,2005,-1.6949289857
CMR,2014,-0.9050599922
CMR,2008,-1.1291351775
CMR,2007,-1.317694921
CMR,2013,-0.9569946098
CMR,2006,-1.7351509934
CMR,2021,-0.9710513689
CMR,2010,-1.204668275
CMR,2020,-1.0937226786
CMR,2019,-1.0889540049
CMR,2022,-1.0145683511
CMR,2011,-1.1437751948
CMR,2012,-1.1158762777
CMR,2018,-1.1298877978
CMR,2023,-1.1970604441
COD,2013,-0.9374567568
COD,2011,-1.0719600622
COD,2007,-1.6725434265
COD,2008,-1.3924389348
COD,2012,-1.1052075473
COD,2009,-1.5756035385
COD,2019,-1.3029578808
COD,2010,-1.6493309338
COD,2017,-1.4492785746
COD,2018,-1.4091880411
COD,2016,-1.5967207535
COD,2020,-1.3394852045
COD,2015,-1.4930711725
COD,2022,-1.676470783
COD,2021,-1.7142211173
COD,2023,-1.937604893
COD,2014,-1.6344020958
COG,2000,-1.3693957293
COG,2001,-1.3123789388
COG,2002,-1.636930619
COG,2003,-1.7430344522
COG,2018,-0.8270262676
COG,2020,-0.9598389278
COG,2019,-0.9585453391
COG,2005,-1.8248172614
COG,2004,-1.8571505573
COG,2010,-1.1900257709
COG,2017,-0.9958199692
COG,2008,-1.3429272915
COG,2009,-1.2017238531
COG,2006,-1.9913902095
COG,2016,-1.1535979678
COG,2021,-1.0949543331
COG,2007,-1.8332289771
COG,2011,-1.5153584683
COG,2012,-1.2941020852
COG,2022,-1.4219043803
COG,2014,-1.3060446851
COG,2013,-1.4620393593
COG,2015,-1.4940813857
COG,2023,-1.7340172418
GAB,2000,-0.8966599206
GAB,1999,-1.136515753
GAB,2017,-0.5308658361
GAB,2019,-0.5364209586
GAB,2018,-0.5181673117
GAB,1998,-1.3911976131
GAB,2016,-0.5683816073
GAB,2020,-0.6024969223
GAB,2023,-0.6223058924
GAB,2021,-0.684928695
GAB,2001,-1.4145150069
GAB,2022,-0.7349316915
GAB,2002,-1.4647269928
GAB,2003,-1.3768017766
GAB,2004,-1.5040294498
GAB,2014,-0.922782151
GAB,2006,-1.7220468497
GAB,2012,-1.0577692306
GAB,2005,-1.8759289521
GAB,2015,-0.9705741754
GAB,2013,-1.1149978682
GAB,2007,-1.7250431026
GAB,2010,-1.4473334859
GAB,2011,-1.3844040424
GAB,2008,-1.665949794
GAB,2009,-1.8110921259
TCD,2010,0.0087737123
TCD,2011,-0.1596098072
TCD,2006,-1.3164285298
TCD,2012,-1.0473562802
TCD,2009,-1.4446307286
TCD,2007,-2.0626231846
TCD,2008,-2.5118783465
TCD,2016,-1.8523750006
TCD,2017,-1.6785364768
TCD,2018,-1.7928415403
TCD,2020,-1.5369072505
TCD,2022,-1.8703582692
TCD,2013,-2.1772012879
TCD,2014,-2.5145764578
TCD,2015,-2.1508225411
TCD,2021,-1.9478587669
TCD,2023,-2.4091673042
BWA,2001,-0.2373082487
BWA,2010,-0.113387381
BWA,2002,-0.4466995532
BWA,2011,-0.1563583113
BWA,2009,-0.2544650027
BWA,2012,-0.2730755837
BWA,2003,-0.6768409867
BWA,2013,-0.3388349571
BWA,2004,-0.666637142
BWA,2014,-0.2805460082
BWA,2018,-0.483674463
BWA,2019,-0.438089724
BWA,2017,-0.4286928345
BWA,2023,-0.4066969843
BWA,2015,-0.3386107111
BWA,2005,-0.7094874832
BWA,2016,-0.5205608239
BWA,2020,-0.5000600581
BWA,2022,-0.510945399
BWA,2008,-0.5464083515
BWA,2006,-0.8387987283
BWA,2021,-0.6393072714
BWA,2007,-0.7683440856
NAM,2003,-0.3075301852
NAM,2004,-0.4224517434
NAM,2005,-0.4766843154
NAM,2015,-0.3114415921
NAM,2006,-0.5753793726
NAM,2010,-0.4121192402
NAM,2016,-0.5160601315
NAM,2011,-0.4676673994
NAM,2014,-0.347051307
NAM,2009,-0.4889189457
NAM,2007,-0.5684929777
NAM,2013,-0.5347635038
NAM,2017,-0.598229856
NAM,2008,-0.5994982263
NAM,2018,-0.6304739332
NAM,2012,-0.6541444707
NAM,2019,-0.7042755665
NAM,2022,-0.7066339516
NAM,2021,-0.7119271233
NAM,2020,-0.7399432736
NAM,2023,-0.735227921
ZAF,1998,0.5453028149
ZAF,2002,0.4674923882
ZAF,1999,0.4392384797
ZAF,2000,0.419329387
ZAF,2003,0.3872673821
ZAF,2004,0.3262246055
ZAF,2005,0.3955757504
ZAF,2001,0.3882892926
ZAF,2006,0.365414753
ZAF,2007,0.3933343037
ZAF,2008,0.3713464803
ZAF,2009,0.3539023632
ZAF,2010,0.3500037173
ZAF,2011,0.3329672165
ZAF,2012,0.3423988389
ZAF,2014,0.3860492936
ZAF,2013,0.3279229962
ZAF,2017,0.2300838274
ZAF,2015,0.2826622461
ZAF,2016,0.2633321288
ZAF,2018,0.1877335336
ZAF,2019,0.1781907198
ZAF,2020,0.1584067577
ZAF,2022,0.1053073903
ZAF,2021,0.0750465913
ZAF,2023,0.0699775943
ZMB,2013,-0.3016913588
ZMB,2014,-0.315798163
ZMB,2015,-0.4403971922
ZMB,2006,-0.7766758481
ZMB,2012,-0.5465214329
ZMB,2007,-0.6833421863
ZMB,2008,-0.555522923
ZMB,2004,-0.9319945598
ZMB,2010,-0.5750344519
ZMB,2011,-0.6266287917
ZMB,2005,-0.9764606828
ZMB,2009,-0.6511123594
ZMB,2020,-0.7156889009
ZMB,2023,-0.6527576251
ZMB,2016,-0.7281680065
ZMB,2022,-0.7806440028
ZMB,2019,-0.8571144157
ZMB,2021,-0.8404963234
ZMB,2017,-0.8664813347
ZMB,2018,-0.9478217722
ZWE,1998,-0.1873087999
ZWE,2000,-0.2386219325
ZWE,1999,-0.2740663113
ZWE,2002,-0.3374968599
ZWE,2004,-0.3438427129
ZWE,2003,-0.3618088951
ZWE,2001,-0.3496045961
ZWE,2005,-0.3012450544
ZWE,2006,-0.184864848
ZWE,2007,-0.1897292626
ZWE,2008,-0.2346214453
ZWE,2009,-0.3718699219
ZWE,2010,-0.4836634017
ZWE,2011,-0.675038041
ZWE,2016,-0.7109263244
ZWE,2012,-0.7543482839
ZWE,2013,-0.7651493847
ZWE,2014,-0.6305741354
ZWE,2017,-0.7954752686
ZWE,2019,-0.8179356901
ZWE,2022,-0.7732160107
ZWE,2015,-0.7092026711
ZWE,2020,-0.8736958292
ZWE,2018,-0.7824482906
ZWE,2021,-0.8746672223
ZWE,2023,-0.9753358023
BEN,2016,-0.4480989605
BEN,2023,-0.4314936661
BEN,2015,-0.4602590793
BEN,2020,-0.5944770999
BEN,2022,-0.5585216848
BEN,2019,-0.669580972
BEN,2018,-0.6548505177
BEN,2014,-0.5977749231
BEN,2021,-0.7146826714
BEN,2012,-1.0995346349
BFA,2011,-1.1303107998
BFA,2014,-1.1530153126
BFA,2015,-1.1267374516
BFA,2016,-1.3656087124
BFA,2013,-1.3399715835
BFA,2012,-1.4044821194
BFA,2017,-1.4846640982
BFA,2023,-1.36443
BFA,2018,-1.5110343798
BFA,2019,-1.5353124511
BFA,2022,-1.6477734805
BFA,2020,-1.5870819818
BFA,2021,-1.6608613195
CIV,2002,-0.6456013769
CIV,2000,-0.9992148776
CIV,1998,-1.3316847096
CIV,2001,-0.7962587772
CIV,2003,-0.7665103472
CIV,2005,-0.7437891705
CIV,2004,-0.7530898974
CIV,1999,-1.3996242801
CIV,2006,-0.8671570668
CIV,2007,-0.9631925918
CIV,2008,-1.0097110105
CIV,2015,-0.882908937
CIV,2019,-0.9615902384
CIV,2009,-1.1155092969
CIV,2016,-0.9527555985
CIV,2017,-0.9901754684
CIV,2020,-1.0317471886
CIV,2014,-0.9990246091
CIV,2018,-1.0036408498
CIV,2010,-1.2133858478
CIV,2022,-1.0322283318
CIV,2021,-1.094432192
CIV,2023,-1.0790273803
CIV,2011,-1.220292608
CIV,2013,-1.1465887996
CIV,2012,-1.1923839441
GHA,1998,-1.2914101087
GHA,1999,-1.2509361856
GHA,2000,-1.2693407329
GHA,2001,-1.177467059
GHA,2003,-1.2897962573
GHA,2002,-1.36154644
GHA,2004,-1.1801443067
GHA,2005,-1.1672969158
GHA,2006,-1.3533911463
GHA,2007,-1.1886187572
GHA,2008,-1.0709843299
GHA,2013,-0.9347273801
GHA,2016,-1.0486063117
GHA,2023,-0.9682588548
GHA,2010,-1.2111416175
GHA,2014,-1.0119032116
GHA,2011,-1.127175434
GHA,2009,-1.2284594322
GHA,2015,-1.0076096998
GHA,2017,-1.0827019179
GHA,2012,-1.1363234021
GHA,2022,-1.0516250408
GHA,2020,-1.2593211705
GHA,2018,-1.3154796555
GHA,2021,-1.1906162171
GHA,2019,-1.3310469335
GIN,2007,-1.7083659967
GIN,2008,-1.9906942417
GIN,2010,-1.7935171267
GIN,2009,-1.9706165436
GIN,2011,-1.7624726561
GIN,2015,-1.4170255392
GIN,2016,-1.6319941864
GIN,2017,-1.5894194317
GIN,2018,-1.7304845349
GIN,2019,-1.5246403144
GIN,2013,-1.5400377693
GIN,2012,-1.9372328473
GIN,2014,-1.6324638728
GIN,2020,-1.7922588053
GIN,2021,-1.8554674734
GIN,2022,-2.0158341219
GIN,2023,-2.1759246458
LBR,2021,-0.8233718197
LBR,2015,-0.9329189002
LBR,2022,-1.0541319184
LBR,2023,-1.436257069
MLI,2008,-0.5486197729
MLI,2011,-0.7847982441
MLI,2017,-0.802264314
MLI,2012,-0.8469121218
MLI,2019,-0.9343374423
MLI,2013,-0.8832897877
MLI,2018,-0.8819186425
MLI,2014,-0.9483641308
MLI,2020,-1.0333671581
MLI,2016,-1.0886766733
MLI,2015,-1.2716101592
MLI,2023,-1.4064809867
MLI,2021,-1.4970633308
MLI,2022,-1.9755333459
MRT,2016,-0.8889573472
MRT,2012,-1.0436163744
MRT,2011,-0.9693537602
MRT,2007,-1.2558196029
MRT,2008,-1.3117529383
MRT,2009,-1.1509811386
MRT,2014,-1.0112982347
MRT,2017,-1.0032899986
MRT,2015,-0.9828962472
MRT,2013,-1.0886873218
MRT,2018,-1.0541534537
MRT,2019,-1.1596948365
MRT,2023,-1.1280628905
MRT,2010,-1.4730508295
MRT,2022,-1.2614340263
MRT,2020,-1.3084696138
MRT,2021,-1.3034698727
NER,2022,-0.659320601
NER,2021,-0.6676286132
NER,2020,-0.7087143969
NER,2023,-0.6292191661
NER,2013,-0.8296022739
NER,2014,-0.7503293219
NER,2015,-0.8112243748
NGA,1998,-2.1624582405
NGA,1999,-1.8574681203
NGA,2000,-2.3093299223
NGA,2002,-1.6184994265
NGA,2003,-1.3977750301
NGA,2001,-2.23087993
NGA,2004,-1.5022455728
NGA,2005,-1.8475324389
NGA,2006,-2.0463721828
NGA,2008,-1.637142147
NGA,2007,-2.0052580061
NGA,2009,-1.819955874
NGA,2010,-1.8114266693
NGA,2016,-1.4914813175
NGA,2011,-1.8405888355
NGA,2015,-1.4695360043
NGA,2022,-1.6177949282
NGA,2014,-1.4234718022
NGA,2017,-1.7703900619
NGA,2013,-1.5347079194
NGA,2018,-1.8139691613
NGA,2019,-1.5919961419
NGA,2021,-1.5911524149
NGA,2012,-1.7241068604
NGA,2020,-1.6501193395
NGA,2023,-1.7481877342
SEN,2007,-0.0779602917
SEN,2008,-0.23842944160000001
SEN,2009,-0.3494061803
SEN,2016,-0.5038520408
SEN,2017,-0.5215273669
SEN,2010,-0.4761493723
SEN,2022,-0.4930457932
SEN,2015,-0.4026250961
SEN,2011,-0.5225261252
SEN,2021,-0.5800899798
SEN,2013,-0.5502801619
SEN,2014,-0.4526256233
SEN,2023,-0.5115993371
SEN,2020,-0.6542071809
SEN,2012,-0.6257215783
SEN,2019,-0.7217527539
SEN,2018,-0.665032919
SLE,2015,-0.4862792301
SLE,2014,-0.7877054974
TGO,2016,-0.5427732523
TGO,2018,-0.6473206022
TGO,2017,-0.6672486461
TGO,2010,-0.7750448733
TGO,2014,-0.5674372912
TGO,2015,-0.5844519425
TGO,2009,-0.783189986
TGO,2011,-0.7568321291
TGO,2013,-0.7455252214
TGO,2020,-0.738503231
TGO,2019,-0.8207479419
TGO,2012,-0.893814742
TGO,2023,-0.8458661926
TGO,2021,-0.9561843313
TGO,2022,-0.9631300014
KAZ,1998,0.393328956
KAZ,1999,-0.0144330742
KAZ,2001,-0.0358274466
KAZ,2000,-0.155236657
KAZ,2002,-0.2026000128
KAZ,2003,-0.2271307768
KAZ,2014,0.067291631
KAZ,2015,0.0690420916
KAZ,2012,0.0029067831
KAZ,2004,-0.3746633193
KAZ,2013,0.0145747482
KAZ,2016,-0.0469962787
KAZ,2005,-0.3788238039
KAZ,2017,-0.0957608569
KAZ,2006,-0.3091654075
KAZ,2009,-0.1784649515
KAZ,2018,-0.1963195987
KAZ,2022,-0.1766830722
KAZ,2023,-0.1789691506
KAZ,2007,-0.2864627811
KAZ,2020,-0.2424783793
KAZ,2019,-0.2462849737
KAZ,2008,-0.295701018
KAZ,2011,-0.2897469051
KAZ,2021,-0.2913412793
KAZ,2010,-0.3535992142
KGZ,2017,-0.0199963678
KGZ,2015,-0.0076325795
KGZ,2018,-0.0714105835
KGZ,2023,-0.111660897
KGZ,2021,-0.1142512451
KGZ,2019,-0.1927037209
KGZ,2013,-0.1686483994
KGZ,2014,-0.106689323
KGZ,2020,-0.2037489474
KGZ,2022,-0.1616210537
KGZ,2012,-0.2614612593
KGZ,2011,-0.3374365435
TJK,2021,-0.6566744617
TJK,2022,-0.8453295599
TJK,2023,-0.8879015728
TKM,2021,-0.5818491568
TKM,2002,-1.073265545
TKM,2020,-0.6208652071
TKM,2001,-1.2917925851
TKM,2003,-1.2439054643
TKM,2022,-0.7404536397
TKM,2023,-0.687693832
TKM,2004,-1.3029127604
TKM,2005,-1.347306853
TKM,2019,-0.8384834145
TKM,2016,-0.8720432638
TKM,2006,-1.3575121916
TKM,2017,-0.903081753
TKM,2018,-0.8423857718
TKM,2007,-1.2034827755
TKM,2010,-1.0362935915
TKM,2011,-0.979968268
TKM,2009,-1.1422634707
TKM,2008,-1.2691919409
TKM,2014,-1.0613264271
TKM,2015,-1.0347265175
TKM,2012,-1.2075311435
TKM,2013,-1.3874204876
UZB,1998,-0.1347236281
UZB,1999,-0.2230605383
UZB,2000,-0.247977115
UZB,2002,-0.4286711593
UZB,2001,-0.3856881981
UZB,2003,-0.4485477002
UZB,2005,-0.5470387188
UZB,2023,-0.2247765807
UZB,2004,-0.5757001498
UZB,2022,-0.3266096986
UZB,2006,-0.5699892161
UZB,2018,-0.4878186004
UZB,2021,-0.3961636984
UZB,2007,-0.5240590518
UZB,2019,-0.5481402425
UZB,2020,-0.5424367617
UZB,2009,-0.5181929939
UZB,2017,-0.5832019706
UZB,2012,-0.5499224292
UZB,2016,-0.5872409391
UZB,2008,-0.6191682076
UZB,2014,-0.5451937606
UZB,2010,-0.6715976064
UZB,2011,-0.6442502636
UZB,2015,-0.5595351169
UZB,2013,-0.6970149209
CHN,2022,1.1447621637
CHN,2023,1.1566897702
CHN,2021,1.1181727529
CHN,2019,0.9591412915
CHN,2020,1.0050275983
CHN,2018,0.9365239708
CHN,2012,0.7774632885
CHN,2014,0.8333937791
CHN,2013,0.775585193
CHN,2015,0.8429111868
CHN,2017,0.8582603124
CHN,2016,0.8437068598
CHN,2011,0.6725486789
CHN,2010,0.5842520437
CHN,2007,0.4546301191
CHN,2009,0.5630002911
CHN,2008,0.5238344224
CHN,2006,0.2742656684
CHN,2004,0.0272170757
CHN,2005,0.1286471588
CHN,2002,-0.2338497677
CHN,2003,-0.1638292891
CHN,2001,-0.209968405
CHN,1998,-0.4311325504
CHN,2000,-0.2989118725
CHN,1999,-0.4028239558
HKG,2022,1.1421674408
HKG,2023,1.1208217627
HKG,2018,0.9384543166
HKG,2021,1.0882109531
HKG,2020,0.9716449268
HKG,2016,0.8560993613
HKG,2019,0.9315903102
HKG,2017,0.8673607244
HKG,2014,0.7798285789
HKG,2012,0.7277257054
HKG,2015,0.7613111305
HKG,2013,0.7241049981
HKG,2011,0.6454953789
HKG,2010,0.5298936918
HKG,2004,0.1164996969
HKG,2009,0.3690640087
HKG,2005,0.152221496
HKG,2003,-0.0096339486
HKG,2008,0.329090561
HKG,2002,-0.0510011502
HKG,2006,0.2110278023
HKG,2000,-0.1342942695
HKG,2007,0.2999526299
HKG,2001,-0.0818624586
HKG,1998,-0.3482771397
HKG,1999,-0.2603461088
JPN,2002,1.9431731989
JPN,2003,1.997987099
JPN,2004,2.0824881846
JPN,2005,1.9930875147
JPN,2006,1.9771104224
JPN,2007,1.9479996186
JPN,2008,2.0300112763
JPN,2009,2.0502362109
JPN,2010,2.101528276
JPN,2011,2.18729631
JPN,2012,2.1989250589
JPN,2013,2.1684905793
JPN,2014,2.0995345992
JPN,2015,2.1051345439
JPN,2016,2.1348306482
JPN,2017,2.1767003313
JPN,2018,2.1872569173
JPN,2019,2.1932959148
JPN,2020,2.2285475696
JPN,2021,2.1442211824
JPN,2022,2.070971544
JPN,2023,2.0670909985
JPN,2001,1.8480857038
JPN,2000,1.7301748587
JPN,1999,1.6801517554
JPN,1998,1.6158201028
KOR,2021,1.8695312226
KOR,2022,1.825652733
KOR,2023,1.8491087536
KOR,2013,1.7548638785
KOR,2014,1.7548242338
KOR,2015,1.7422245259
KOR,2016,1.7814293346
KOR,2017,1.8340151862
KOR,2018,1.8695435707
KOR,2019,1.8735594798
KOR,2020,1.9073625845
KOR,2012,1.7077853252
KOR,2011,1.581296313
KOR,2009,1.4728175492
KOR,2010,1.5025598754
KOR,2008,1.3870389236
KOR,2007,1.3166005123
KOR,2006,1.2289169024
KOR,2005,1.1509375689
KOR,2004,1.0803272927
KOR,2002,0.8183956187
KOR,2003,0.9090593515
KOR,2001,0.7064796793
KOR,2000,0.6226434252
KOR,1999,0.561856432
KOR,1998,0.4992144143
MNG,2010,-0.9799326561
MNG,2013,-0.8483755595
MNG,2007,-1.1820710939
MNG,2012,-0.9010089062
MNG,2016,-0.9078137139
MNG,2011,-0.9594857457
MNG,2017,-0.9669062352
MNG,2018,-0.9386284722
MNG,2015,-0.9404277326
MNG,2009,-1.1505019146
MNG,2008,-1.3421222641
MNG,2014,-1.0132691167
MNG,2019,-1.1543180096
MNG,2020,-1.1660600435
MNG,2021,-1.0920458977
MNG,2022,-1.3943823426
MNG,2023,-1.3176055017
PRK,2007,0.7632519509
PRK,2008,0.8283675273
PRK,2009,0.8177720895
PRK,2010,0.6985546613
PRK,2006,0.5883105254
PRK,2011,0.5504928056
PRK,2012,0.3718007037
PRK,2013,0.0384848611
PRK,2018,-0.1768158451
PRK,2014,-0.1107435716
PRK,2015,-0.2043636367
PRK,2016,-0.3612664959
PRK,2017,-0.3187706139
TWN,2020,2.0097605262
TWN,2021,2.024421424
TWN,2022,1.9785662439
TWN,2023,1.9965383336
TWN,2017,1.9378987676
TWN,2018,1.9239717801
TWN,2019,1.9649211481
TWN,2012,1.7890333884
TWN,2013,1.8145010201
TWN,2014,1.8006756991
TWN,2015,1.8081397282
TWN,2016,1.8486507188
TWN,2011,1.6967594985
TWN,2007,1.4661627149
TWN,2008,1.5220298793
TWN,2009,1.5685054089
TWN,2010,1.5885772281
TWN,2006,1.3667693553
TWN,2005,1.3116845094
TWN,2004,1.2961623379
TWN,2003,1.1761739073
TWN,2002,1.1078189424
TWN,2000,0.8145621537
TWN,2001,1.0294785466
TWN,1999,0.6718341342
TWN,1998,0.5448957493
IDN,2021,0.0203001192
IDN,2020,-0.106288735
IDN,2019,-0.1279154816
IDN,2022,-0.0511486716
IDN,2023,-0.0853674914
IDN,1998,-0.7491476514
IDN,2018,-0.1347843617
IDN,1999,-0.7212600838
IDN,2000,-0.6408746737
IDN,2005,-0.4656577433
IDN,2016,-0.1781733254
IDN,2001,-0.5795987112
IDN,2004,-0.5277107035
IDN,2006,-0.3892984913
IDN,2007,-0.2757014597
IDN,2015,-0.1908816584
IDN,2002,-0.5925386349
IDN,2017,-0.2139549453
IDN,2008,-0.2822128338
IDN,2009,-0.3085541166
IDN,2010,-0.3305600327
IDN,2012,-0.3003558389
IDN,2003,-0.5976992893
IDN,2013,-0.3294035866
IDN,2014,-0.2577787997
IDN,2011,-0.3933819937
KHM,2022,-0.6797748185
KHM,2023,-0.6648739863
KHM,2021,-0.7151092779
KHM,2001,-1.7233018913
KHM,2002,-1.7784035714
KHM,2003,-1.7892028786
KHM,2005,-1.8708609299
KHM,2004,-1.877398897
KHM,2020,-1.0767068925
KHM,2007,-1.5164185295
KHM,2019,-1.0552020172
KHM,2006,-1.8364779136
KHM,2018,-1.0361512907
KHM,2016,-1.1328830337
KHM,2017,-1.056388759
KHM,2008,-1.5596594994
KHM,2009,-1.6134436661
KHM,2010,-1.6111485106
KHM,2015,-1.1451863881
KHM,2011,-1.6186777653
KHM,2014,-1.2947246695
KHM,2012,-1.505597317
KHM,2013,-1.5097474317
LAO,2021,-0.740563428
LAO,2022,-0.8713069871
LAO,2020,-0.9970667361
LAO,2019,-1.0476116849
LAO,2023,-0.8891360102
LAO,2010,-1.3088197456
LAO,2016,-1.1467724778
LAO,2018,-1.0694089577
LAO,2017,-1.1356540717
LAO,2011,-1.4466166012
LAO,2014,-1.2209327712
LAO,2015,-1.1461174197
LAO,2012,-1.3589642351
LAO,2013,-1.4026417159
MMR,2001,-1.6114517789
MMR,2002,-1.6370994793
MMR,2005,-1.5182998575
MMR,2003,-1.7756155554
MMR,2004,-1.6152574102
MMR,2006,-1.4342964436
MMR,2021,-0.9302484817
MMR,2022,-0.9329658145
MMR,2007,-1.4284791498
MMR,2023,-0.9134405573
MMR,2008,-1.579784617
MMR,2019,-1.2268672489
MMR,2018,-1.2069132054
MMR,2020,-1.2393636736
MMR,2017,-1.3597059967
MMR,2009,-1.6493670126
MMR,2010,-1.7345041139
MMR,2011,-1.7428850625
MMR,2016,-1.5304590748
MMR,2012,-1.6063538179
MMR,2014,-1.534464528
MMR,2015,-1.5121361398
MMR,2013,-1.5733355507
MYS,2013,1.0011440139
MYS,2014,1.0047463335
MYS,2015,0.9941618082
MYS,2016,1.010065842
MYS,2017,0.9651348634
MYS,2018,1.0028485104
MYS,2019,1.0430651285
MYS,2020,1.0213858916
MYS,2012,0.9551410479
MYS,2022,1.0583099555
MYS,2023,1.0396369079
MYS,2021,1.0412374497
MYS,2010,0.7719979914
MYS,2011,0.8101623998
MYS,2009,0.6877764026
MYS,2004,0.4514812547
MYS,2008,0.6669058095
MYS,2005,0.4214030685
MYS,2003,0.3486887695
MYS,2006,0.4520148845
MYS,2007,0.5526018907
MYS,2002,0.2500537345
MYS,2001,0.1862132662
MYS,2000,-0.0324366689
MYS,1998,-0.1706447382
MYS,1999,-0.1302857595
PHL,2021,0.7055862934
PHL,2020,0.6100236066
PHL,2022,0.6630315756
PHL,2018,0.5186404265
PHL,2023,0.6376832721
PHL,2019,0.5012108097
PHL,2017,0.4275966336
PHL,2016,0.3751491259
PHL,2015,0.313735068
PHL,2014,0.2891380208
PHL,2011,0.1738460985
PHL,2013,0.1560977044
PHL,2010,0.1670641742
PHL,2012,0.2123777985
PHL,2009,0.0219750783
PHL,2008,0.0325383592
PHL,2004,-0.3858771433
PHL,2007,-0.0811682137
PHL,2005,-0.3926314666
PHL,1998,-0.8760839032
PHL,2003,-0.5325155958
PHL,2006,-0.3294059222
PHL,2000,-0.7608416742
PHL,2001,-0.6681215013
PHL,2002,-0.6046436566
PHL,1999,-0.9275115948
SGP,2018,1.7014457201
SGP,2019,1.6845444102
SGP,2020,1.6996244315
SGP,2023,1.6213788003
SGP,2012,1.6607989456
SGP,2021,1.6163460684
SGP,2022,1.6104362259
SGP,2014,1.6130561629
SGP,2016,1.6182124551
SGP,2017,1.6322833977
SGP,2015,1.588674662
SGP,2010,1.5793141059
SGP,2013,1.6096372684
SGP,2008,1.4557985371
SGP,2009,1.5068839475
SGP,2004,1.3781967976
SGP,2005,1.3732971927
SGP,2011,1.5808004854
SGP,2007,1.3640595568
SGP,2006,1.3378608715
SGP,2003,1.2019566157
SGP,2002,1.1151332757
SGP,1999,0.7739300241
SGP,2000,0.8562850002
SGP,2001,1.0668788122
SGP,1998,0.6464706872
THA,2016,0.8705691983
THA,2017,0.8816808078
THA,2018,0.9250996884
THA,2021,0.9626732097
THA,2022,0.9498281212
THA,2023,0.9573769278
THA,2015,0.8504928254
THA,2019,0.9129443946
THA,2020,0.9072231924
THA,2014,0.7881444288
THA,2012,0.6284557828
THA,2010,0.4729548106
THA,2013,0.6548147728
THA,2009,0.4396717548
THA,2011,0.5349112026
THA,2008,0.3885352447
THA,2007,0.3513693474
THA,2004,0.0478664663
THA,2005,0.0611512801
THA,2003,-0.1182897515
THA,2006,0.1407387525
THA,2001,-0.1768685586
THA,2002,-0.2151049837
THA,2000,-0.2834970385
THA,1998,-0.4938088187
THA,1999,-0.4001445508
VNM,2021,0.0404006004
VNM,2022,0.0619098473
VNM,2023,0.0670963325
VNM,2020,-0.1379566891
VNM,2019,-0.1783658898
VNM,2018,-0.1939425096
VNM,2016,-0.3365007566
VNM,2014,-0.2516903682
VNM,2017,-0.3033778265
VNM,2015,-0.3041728277
VNM,2012,-0.323314612
VNM,2013,-0.3466697116
VNM,2011,-0.4072545131
VNM,1998,-1.3317045274
VNM,2007,-0.5039345119
VNM,1999,-1.2983637789
VNM,2000,-1.1116766232
VNM,2006,-0.7310701793
VNM,2008,-0.4957076486
VNM,2002,-1.0654999791
VNM,2005,-0.8613710444
VNM,2009,-0.5577148089
VNM,2001,-1.0660587936
VNM,2010,-0.5475432638
VNM,2003,-1.1118148598
VNM,2004,-0.959633748
AFG,2020,-1.1755789491
AFG,2019,-1.1646765318
AFG,2021,-1.1597163613
AFG,2022,-1.2275039708
AFG,2023,-1.193270039
BGD,1998,-1.659564098
BGD,1999,-1.7521106756
BGD,2000,-1.6139015441
BGD,2001,-1.7139261223
BGD,2002,-1.7286673773
BGD,2005,-1.5713296178
BGD,2003,-1.7761987519
BGD,2007,-1.122535721
BGD,2006,-1.4685971282
BGD,2004,-1.7152267636
BGD,2021,-0.9456190585
BGD,2008,-1.2013788556
BGD,2022,-0.9898126259
BGD,2009,-1.3157488181
BGD,2023,-1.0299800756
BGD,2010,-1.3547835443
BGD,2011,-1.3800593107
BGD,2019,-1.3014583729
BGD,2012,-1.2911195409
BGD,2020,-1.2852106809
BGD,2016,-1.4587917607
BGD,2018,-1.3227846677
BGD,2014,-1.2632206923
BGD,2017,-1.447337322
BGD,2013,-1.4444426027
BGD,2015,-1.3343949978
IND,2018,0.5350228289
IND,2023,0.6525508334
IND,2020,0.5444385653
IND,2022,0.5992544223
IND,2021,0.5902376113
IND,2017,0.456850041
IND,2019,0.4785165544
IND,2005,0.1557052074
IND,2016,0.4192999594
IND,2002,0.0480186958
IND,2004,0.1028940968
IND,2015,0.4188161357
IND,2001,0.022717429
IND,2003,0.0230239085
IND,2008,0.3300855959
IND,2007,0.3417823224
IND,2014,0.389298648
IND,1998,-0.0752405073
IND,2000,-0.0249436231
IND,2009,0.330595595
IND,2011,0.2961092541
IND,2013,0.3342021679
IND,2006,0.2273429363
IND,2012,0.3237306428
IND,1999,-0.0995739287
IND,2010,0.2471120412
IRN,1998,-0.2741963462
IRN,2021,0.0805962848
IRN,2014,0.1253925608
IRN,2015,0.1629088616
IRN,2023,0.0843932264
IRN,2016,0.0752799646
IRN,2017,0.0900609122
IRN,2022,0.0688788548
IRN,2006,-0.1161289378
IRN,2018,0.0112434245
IRN,2019,-0.0514245987
IRN,1999,-0.3661741516
IRN,2002,-0.3707486722
IRN,2005,-0.2312292775
IRN,2020,-0.0411805837
IRN,2003,-0.383219705
IRN,2000,-0.4151917088
IRN,2001,-0.3640370444
IRN,2009,-0.1394192091
IRN,2013,-0.0336302767
IRN,2004,-0.4169523635
IRN,2007,-0.1564617268
IRN,2012,-0.116464482
IRN,2008,-0.230752675
IRN,2010,-0.2130394759
IRN,2011,-0.1894036943
LKA,1998,-1.328685461
LKA,2022,-0.4432143847
LKA,2021,-0.427338352
LKA,1999,-1.3039667012
LKA,2000,-1.1837824073
LKA,2019,-0.5809217713
LKA,2020,-0.5686019801
LKA,2023,-0.4385052109
LKA,2018,-0.5927687067
LKA,2017,-0.632880495
LKA,2001,-1.2027858169
LKA,2002,-1.2196781815
LKA,2007,-0.7211226971
LKA,2016,-0.7076731147
LKA,2003,-1.2914938514
LKA,2006,-0.9015732085
LKA,2005,-1.0641772432
LKA,2004,-1.1880590045
LKA,2008,-0.7730977976
LKA,2009,-0.8164826175
LKA,2014,-0.6379297262
LKA,2012,-0.7921102261
LKA,2015,-0.6742829264
LKA,2010,-0.8760868084
LKA,2011,-0.8609905079
LKA,2013,-0.8823342953
PAK,1998,-1.340214732
PAK,1999,-1.3270669363
PAK,2022,-0.5583057173
PAK,2000,-1.2399644088
PAK,2006,-0.8344482101
PAK,2021,-0.6336471309
PAK,2023,-0.55324965
PAK,2007,-0.7031151132
PAK,2005,-0.9935961227
PAK,2008,-0.6800549207
PAK,2002,-1.3547137107
PAK,2001,-1.3166725163
PAK,2010,-0.7592257267
PAK,2003,-1.3056055023
PAK,2004,-1.1379939062
PAK,2009,-0.7573855561
PAK,2019,-0.7536523536
PAK,2011,-0.7717471343
PAK,2016,-0.7811934104
PAK,2017,-0.7947858907
PAK,2012,-0.7784495155
PAK,2018,-0.7519862841
PAK,2020,-0.7542082103
PAK,2013,-0.8316501726
PAK,2014,-0.7148831398
PAK,2015,-0.7130806162
ARE,2019,0.2170180654
ARE,2020,0.2090224223
ARE,2018,0.1992998215
ARE,2017,0.202610112
ARE,2016,0.2142971104
ARE,2022,0.1533017489
ARE,2023,0.1520338528
ARE,2014,0.1842032195
ARE,2021,0.1402736855
ARE,2006,-0.0147085367
ARE,2012,0.0901918341
ARE,2015,0.2238978297
ARE,2013,0.1008176282
ARE,2004,-0.2820393538
ARE,2005,-0.2186904953
ARE,2007,-0.0721800111
ARE,2011,-0.0615920207
ARE,2003,-0.4087186963
ARE,2008,-0.1685667459
ARE,1998,-0.7747928383
ARE,2001,-0.4962017783
ARE,2002,-0.4854452159
ARE,2010,-0.1529313779
ARE,1999,-0.819930372
ARE,2009,-0.2233821472
ARE,2000,-0.6907432544
ARM,2013,0.1058439924
ARM,2023,0.0937886972
ARM,2014,0.0311800895
ARM,2016,-0.0415182266
ARM,2015,-0.015536027000000001
ARM,2022,-0.1005769961
ARM,2017,-0.1898835335
ARM,2021,-0.2266684
ARM,2020,-0.3250312228
ARM,2018,-0.3557844532
ARM,2019,-0.4171508824
AZE,2001,0.2522600246
AZE,2002,0.1939600097
AZE,2003,0.0541488698
AZE,2004,-0.0534564195
AZE,2005,-0.2266829895
AZE,2006,-0.239406147
AZE,2007,-0.3115771515
AZE,2020,-0.3711165384
AZE,2017,-0.3991703972
AZE,2016,-0.476789254
AZE,2012,-0.3256093052
AZE,2018,-0.508528919
AZE,2021,-0.4055831006
AZE,2008,-0.4347809824
AZE,2011,-0.4890978122
AZE,2013,-0.4790805683
AZE,2022,-0.5142452582
AZE,2023,-0.4348026169
AZE,2019,-0.5919607892
AZE,2014,-0.4850526677
AZE,2009,-0.604944186
AZE,2010,-0.633509526
AZE,2015,-0.6090407517
GEO,2006,0.2705735398
GEO,2007,0.2591211568
GEO,2009,0.0693123572
GEO,2023,0.132187988
GEO,2008,0.0814613581
GEO,2019,0.0688946048
GEO,2011,0.0239956442
GEO,2012,0.0780632139
GEO,2020,-0.0362738271
GEO,2010,-0.0309097836
GEO,2018,-0.0169546161
GEO,2022,0.0462062032
GEO,2013,0.0169620298
GEO,2021,-0.0149053011
GEO,2016,-0.0838234372
GEO,2017,-0.0589780413
GEO,2014,-0.0354293635
GEO,2015,-0.0396172402
IRQ,2003,-0.1860167457
IRQ,2019,-0.4385566279
IRQ,2004,-0.7074199992
IRQ,2005,-0.8034446387
IRQ,2001,-1.0596665346
IRQ,1999,-1.5968781808
IRQ,2002,-1.0809046999
IRQ,2015,-0.5315834269
IRQ,1998,-2.325264907
IRQ,2000,-2.2619405578
IRQ,2020,-0.7168906687
IRQ,2018,-0.6802426295
IRQ,2016,-0.8226813081
IRQ,2023,-0.7137896476
IRQ,2006,-1.2099210375
IRQ,2022,-0.8878246917
IRQ,2017,-1.0280011163
IRQ,2007,-1.7764268414
IRQ,2008,-1.6343898521
IRQ,2021,-1.1019218299
IRQ,2009,-1.4529387877
IRQ,2010,-1.4489103221
IRQ,2013,-1.2678883421
IRQ,2014,-1.2092502123
IRQ,2011,-1.7016324516
IRQ,2012,-1.4680151996
ISR,2002,1.2747772304
ISR,2001,1.1924160842
ISR,1998,1.0467205736
ISR,1999,1.1113399268
ISR,2000,1.0898471629
ISR,2003,1.1674638784
ISR,2004,1.1852709168
ISR,2006,1.1346117808
ISR,2022,1.2436078672
ISR,2023,1.2843426612
ISR,2005,1.1406950472
ISR,2007,1.1712901557
ISR,2012,1.2433188673
ISR,2013,1.2177263897
ISR,2014,1.2413909277
ISR,2015,1.2472068919
ISR,2016,1.2163195109
ISR,2017,1.2057722337
ISR,2018,1.2072143841
ISR,2019,1.1968051859
ISR,2020,1.2160159678
ISR,2021,1.2319987957
ISR,2008,1.1739816574
ISR,2009,1.1929346938
ISR,2011,1.1819707324
ISR,2010,1.147266082
JOR,1999,0.499071086
JOR,1998,0.363025357
JOR,2000,0.3144926404
JOR,2001,0.3182408632
JOR,2002,0.2031256253
JOR,2003,0.0657805035
JOR,2004,-0.0187433369
JOR,2009,0.0232965482
JOR,2005,-0.1430318667
JOR,2010,0.0446496855
JOR,2011,0.0301669978
JOR,2012,0.0489875328
JOR,2014,0.1156504601
JOR,2015,0.0806223299
JOR,2008,-0.0062630857
JOR,2013,0.0468949968
JOR,2016,0.0123068135
JOR,2006,-0.1174112866
JOR,2007,-0.075210143
JOR,2019,-0.0742709926
JOR,2018,-0.0338426651
JOR,2020,-0.0806262922
JOR,2021,0.0021762244
JOR,2017,-0.031024067
JOR,2022,-0.0353152408
JOR,2023,-0.0154732353
KWT,2013,0.3719752992
KWT,2014,0.3972525989
KWT,2015,0.399246091
KWT,2010,0.3188958781
KWT,2018,0.217509201
KWT,2016,0.3227255003
KWT,2021,0.244297531
KWT,2022,0.2287279044
KWT,2011,0.2028871363
KWT,2012,0.253055075
KWT,2023,0.2100796919
KWT,2019,0.1478449762
KWT,2017,0.154809593
KWT,2020,0.1124693748
KWT,2002,-0.2683467197
KWT,2003,-0.2470762613
KWT,2001,-0.2402121059
KWT,1998,-0.4699823737
KWT,2005,-0.290017896
KWT,2009,-0.0391278474
KWT,1999,-0.42436766930000003
KWT,2004,-0.3902310652
KWT,2008,-0.1126728699
KWT,2006,-0.2230204267
KWT,2000,-0.5643743377
KWT,2007,-0.3786368042
LBN,2004,0.2178726436
LBN,2003,0.1804248366
LBN,2005,0.2383670818
LBN,2008,0.3631818562
LBN,2023,0.4192585091
LBN,2007,0.3562333901
LBN,2009,0.3446733775
LBN,2021,0.3735948316
LBN,2022,0.3903067125
LBN,2011,0.3119374455
LBN,2013,0.3353298461
LBN,2016,0.3434215605
LBN,2006,0.2451124473
LBN,2012,0.3381992031
LBN,2015,0.3815391486
LBN,2017,0.2829435713
LBN,2018,0.2816985054
LBN,2019,0.2615504429
LBN,2020,0.3117450367
LBN,2010,0.3048595096
LBN,2014,0.3686304511
OMN,2002,-0.4829992181
OMN,2003,-0.5118841441
OMN,2016,-0.1548401066
OMN,2017,-0.1646967261
OMN,2000,-0.6849713958
OMN,2015,-0.1561506987
OMN,1998,-0.8796268999
OMN,2020,-0.2200987983
OMN,2021,-0.2265397092
OMN,2019,-0.2448056557
OMN,2022,-0.2034709793
OMN,2018,-0.2755000474
OMN,2023,-0.3165681532
OMN,1999,-0.9574100319
OMN,2012,-0.3184589316
OMN,2013,-0.3354955741
OMN,2001,-0.7355206733
OMN,2004,-0.6501716293
OMN,2005,-0.6679132028
OMN,2014,-0.2744066078
OMN,2009,-0.4046895681
OMN,2006,-0.6118333874
OMN,2007,-0.4645513926
OMN,2008,-0.4315805139
OMN,2011,-0.5229936565
OMN,2010,-0.5346482379
QAT,2011,0.1677323682
QAT,2005,-0.1091518097
QAT,2010,0.0120503534
QAT,2016,0.1137445725
QAT,2017,0.0934150131
QAT,2013,0.0539806155
QAT,2009,0.0063619844
QAT,2020,-0.0408231875
QAT,2015,0.0483096358
QAT,2014,0.022325273
QAT,2012,-0.0395439898
QAT,2018,-0.0636641393
QAT,2006,-0.2102716531
QAT,2008,-0.0905706599
QAT,2007,-0.1386580774
QAT,2019,-0.1454607037
QAT,2004,-0.4774076694
QAT,2022,-0.1296929741
QAT,2021,-0.2770803072
QAT,2002,-0.7187004143
QAT,2023,-0.3348580835
QAT,2003,-0.7181210698
QAT,2001,-0.8840354277
QAT,2000,-1.1460295226
QAT,1998,-1.6993624021
QAT,1999,-1.5190406342
SAU,2015,0.8702145145
SAU,2013,0.8438090003
SAU,2016,0.8443154171
SAU,2018,0.8692255908
SAU,2019,0.9043669923
SAU,2020,0.8884033712
SAU,2021,0.8685233325
SAU,2022,0.844446207
SAU,2017,0.7600749456
SAU,2002,0.4126884832
SAU,2014,0.7778706179
SAU,2003,0.3349596023
SAU,2005,0.3480918623
SAU,2023,0.7551050792
SAU,2001,0.3661393796
SAU,2004,0.2452833398
SAU,2006,0.3839640017
SAU,2011,0.5459069557
SAU,1998,0.3109318349
SAU,2000,0.210540613
SAU,2010,0.4708590072
SAU,2012,0.5752483856
SAU,1999,0.0900983273
SAU,2007,0.4063647322
SAU,2009,0.3319799899
SAU,2008,0.2371856853
SYR,2014,-0.0062307307
SYR,2012,-0.299541269
SYR,1998,-1.1314479487
SYR,2005,-0.6245787468
SYR,2006,-0.5642688035
SYR,2011,-0.3895166186
SYR,2007,-0.4235519246
SYR,2008,-0.4094935897
SYR,2013,-0.3590779229
SYR,2009,-0.4372183849
SYR,2010,-0.4606550529
SYR,1999,-1.2526984811
SYR,2004,-0.7290656292
SYR,2002,-0.9697555138
SYR,2000,-1.2296266661
SYR,2001,-1.0609723307
SYR,2003,-0.8683392321
TUR,2019,0.5405288578
TUR,2020,0.562664812
TUR,2022,0.6112183168
TUR,2018,0.5158834721
TUR,2021,0.621264491
TUR,2023,0.624347049
TUR,2017,0.4764324418
TUR,2012,0.4494783068
TUR,2015,0.4712551064
TUR,2016,0.4209245441
TUR,2013,0.4329901014
TUR,2014,0.4684602876
TUR,2011,0.3765257374
TUR,1998,-0.0705243758
TUR,2000,-0.0246989518
TUR,2010,0.3223498532
TUR,2008,0.3107434068
TUR,1999,-0.0761085617
TUR,2009,0.3150461964
TUR,2001,-0.0437516162
TUR,2002,-0.0663704888
TUR,2003,-0.0553495446
TUR,2007,0.3044822251
TUR,2004,0.0060758657
TUR,2005,0.017420023
TUR,2006,0.14876477330000001
YEM,2000,-1.544850882
YEM,1999,-1.8490193085
YEM,2002,-1.3931773228
YEM,2001,-1.47426555
YEM,2006,-0.9655774318
YEM,2005,-1.1440465265
YEM,2016,-0.847278972
YEM,2003,-1.6175066995
YEM,2007,-1.0018764287
YEM,2004,-1.4106006642
YEM,2009,-0.9151331301
YEM,2010,-0.9925442939
YEM,2011,-0.895082541
YEM,2014,-0.9024971077
YEM,2015,-0.8777193785
YEM,2008,-1.0801377279
YEM,2012,-1.056801251
YEM,2013,-1.0631501406
YEM,2017,-1.0206322989
YEM,2022,-1.0095337051
YEM,2023,-0.9982472046
YEM,2018,-1.3180940469
YEM,2019,-1.3193772273
YEM,2020,-1.2878919735
YEM,2021,-1.2120025962
BGR,2022,0.6711346741
BGR,2023,0.6913365187
BGR,2021,0.6492934089
BGR,2015,0.5016499441
BGR,2017,0.4859078009
BGR,1999,0.0877097767
BGR,2016,0.4566441742
BGR,2020,0.543646182
BGR,1998,0.1111933212
BGR,2000,0.1258752803
BGR,2002,0.1032627071
BGR,2013,0.4411145756
BGR,2014,0.4820027996
BGR,2019,0.4876218416
BGR,2004,0.1234007157
BGR,2009,0.3947163544
BGR,2018,0.5019905288
BGR,2001,0.10262046
BGR,2003,0.0289620008
BGR,2007,0.3660618318
BGR,2010,0.3538650806
BGR,2011,0.3963870896
BGR,2012,0.432290413
BGR,2005,0.1541696477
BGR,2008,0.3447747261
BGR,2006,0.2100237064
BLR,1998,0.7206979455
BLR,1999,0.6719721225
BLR,2012,0.9647018541
BLR,2013,0.9574443678
BLR,2000,0.6260195129
BLR,2004,0.7519019978
BLR,2007,0.8351387369
BLR,2008,0.8474832788
BLR,2009,0.8935006596
BLR,2010,0.8735582956
BLR,2011,0.9067980373
BLR,2014,0.9180817303
BLR,2015,0.8808650975
BLR,2001,0.6115152129
BLR,2003,0.6595745066
BLR,2005,0.7190643619
BLR,2006,0.7704314932
BLR,2002,0.591446196
BLR,2017,0.7653004127
BLR,2018,0.7689116907
BLR,2023,0.8056958545
BLR,2016,0.7679156989
BLR,2019,0.7856447676
BLR,2020,0.7999029216
BLR,2021,0.8369478866
BLR,2022,0.830457229
CZE,2011,1.6604219908
CZE,2021,1.6745696221
CZE,2022,1.6135622798
CZE,2013,1.6586769743
CZE,2014,1.6268093244
CZE,2015,1.6382127605
CZE,2016,1.63052311
CZE,2017,1.633367488
CZE,2018,1.6280923271
CZE,2019,1.6645665972
CZE,2020,1.6690181273
CZE,2023,1.5954823471
CZE,2010,1.5908067563
CZE,2012,1.6500473174
CZE,2007,1.422113558
CZE,2008,1.471445197
CZE,2009,1.5318213394
CZE,2006,1.3719109043
CZE,2003,1.324734191
CZE,2004,1.3715326504
CZE,2005,1.3453351468
CZE,2000,1.1231063602
CZE,2001,1.170860637
CZE,2002,1.2114917375
CZE,1998,0.9910290656
CZE,1999,1.0835764865
HUN,2021,1.4635813922
HUN,2014,1.4198112383
HUN,2015,1.4292734514
HUN,2016,1.4383049574
HUN,2017,1.4616229065
HUN,2018,1.4649015416
HUN,2019,1.4427086827
HUN,2020,1.4762647449
HUN,2022,1.4340716718
HUN,2023,1.4149482576
HUN,2011,1.3931041491
HUN,2012,1.4607519616
HUN,2013,1.4238226103
HUN,2009,1.3063567924
HUN,2010,1.3351618194
HUN,2007,1.1990138899
HUN,2008,1.235333346
HUN,2005,1.0234565703
HUN,2006,1.0973984296
HUN,2003,0.9298310824
HUN,2004,1.03525511
HUN,2002,0.8091231956
HUN,2000,0.6717304622
HUN,2001,0.7327287471
HUN,1998,0.5749259046
HUN,1999,0.6224800308
MDA,2008,-0.0584359078
MDA,2007,-0.091424271
MDA,2009,-0.09422801
MDA,2012,-0.1050117206
MDA,2013,-0.0681150551
MDA,2021,-0.0710273266
MDA,2022,-0.0897953135
MDA,2010,-0.1404956982
MDA,2014,-0.0537626364
MDA,2023,-0.131912124
MDA,2015,-0.1343737983
MDA,2020,-0.2007035235
MDA,2011,-0.201649492
MDA,2016,-0.2577311707
MDA,2018,-0.2646891267
MDA,2019,-0.2786632841
MDA,2017,-0.2568614171
POL,2018,1.1697603236
POL,2019,1.1741335104
POL,2020,1.1723524385
POL,2017,1.1554373204
POL,2021,1.1382057327
POL,2008,0.972959381
POL,2009,1.0510417667
POL,2010,1.0455755187
POL,2011,1.1160688748
POL,2012,1.1462310012
POL,2013,1.1443523424
POL,2022,1.1332174962
POL,2007,0.9487680431
POL,2014,1.0684429907
POL,2015,1.1087784349
POL,2016,1.1206417322
POL,2023,1.0915776913
POL,2005,0.8001418536
POL,2006,0.8976761386
POL,2003,0.7201294287
POL,2004,0.7528220772
POL,2001,0.6255010592
POL,1998,0.5492022195
POL,2002,0.6161078116
POL,2000,0.5956018948
POL,1999,0.5503050657
ROU,2020,1.0269799364
ROU,2018,0.9430087945
ROU,2019,1.009047922
ROU,2021,1.0917384822
ROU,2017,0.8868962117
ROU,2022,1.031674157
ROU,2023,1.0232496753
ROU,2012,0.7397207913
ROU,2010,0.6784420307
ROU,2014,0.7782716694
ROU,2015,0.8223727383
ROU,2016,0.8200831903
ROU,2013,0.7482012999
ROU,2009,0.644210408
ROU,2011,0.6662404697
ROU,2008,0.5249187602
ROU,2007,0.4512499054
ROU,2000,0.0266936336
ROU,2006,0.2682493467
ROU,2003,0.0277283399
ROU,1998,0.0534739084
ROU,2004,0.0618338236
ROU,1999,-0.0079895217
ROU,2005,0.1430024346
ROU,2001,-0.0126306946
ROU,2002,-0.0634661979
RUS,1998,0.7334383305
RUS,1999,0.7050712536
RUS,2000,0.6707781466
RUS,2002,0.7347641252
RUS,2001,0.6745461615
RUS,2005,0.7918886835
RUS,2003,0.7070117517
RUS,2006,0.7844878262
RUS,2004,0.6442524049
RUS,2007,0.7487415892
RUS,2008,0.7657650456
RUS,2009,0.7973410979
RUS,2010,0.7582172435
RUS,2011,0.7217502035
RUS,2013,0.7522054895
RUS,2012,0.7144477344
RUS,2014,0.6060465202
RUS,2016,0.4858575437
RUS,2015,0.4966278779
RUS,2019,0.4997548725
RUS,2017,0.4592798582
RUS,2018,0.5020622382
RUS,2020,0.4856209028
RUS,2021,0.4635624269
RUS,2022,0.3920772002
RUS,2023,0.2977254043
SVK,2021,1.4109635371
SVK,2022,1.3931026852
SVK,2023,1.3502695779
SVK,2011,1.3669522061
SVK,2018,1.3698026887
SVK,2019,1.3932164348
SVK,2020,1.3919624939
SVK,2012,1.3604366529
SVK,2013,1.3637307247
SVK,2015,1.3084883434
SVK,2016,1.3006011108
SVK,2017,1.3253626687
SVK,2010,1.2612124847
SVK,2014,1.2695313957
SVK,2008,1.1920926683
SVK,2009,1.2525499396
SVK,1998,0.7529018953
SVK,2007,1.1342399069
SVK,1999,0.7710102794
SVK,2005,1.0139713203
SVK,2006,1.0382448847
SVK,2000,0.7904016644
SVK,2001,0.8405953378
SVK,2004,0.9578740783
SVK,2002,0.8067771654
SVK,2003,0.8860386235
UKR,1998,0.7095271687
UKR,1999,0.6486068647
UKR,2004,0.6509120023
UKR,2000,0.6076271912
UKR,2002,0.6158302165
UKR,2003,0.6193622895
UKR,2005,0.6650849432
UKR,2006,0.6853701685
UKR,2001,0.5763832564
UKR,2008,0.7417274047
UKR,2009,0.7451495376
UKR,2010,0.7112799781
UKR,2007,0.6758193988
UKR,2011,0.6753951351
UKR,2012,0.6994219183
UKR,2013,0.7047420118
UKR,2014,0.6590688004
UKR,2015,0.6236874695
UKR,2016,0.5457906946
UKR,2017,0.496724341
UKR,2019,0.5073513038
UKR,2020,0.5086016042
UKR,2021,0.5130154647
UKR,2022,0.4943986781
UKR,2018,0.4993160064
UKR,2023,0.3914416937
DNK,1998,1.2509099302
DNK,1999,1.2912965905
DNK,2000,1.2730394265
DNK,2001,1.3143180298
DNK,2002,1.3410407166
DNK,2003,1.2950276851
DNK,2004,1.3062487238
DNK,2005,1.2078440942
DNK,2006,1.1171501872
DNK,2010,1.1972853343
DNK,2021,1.1422283998
DNK,2007,1.1117046355
DNK,2008,1.1373215304
DNK,2009,1.164506342
DNK,2011,1.1517013475
DNK,2012,1.1979071083
DNK,2013,1.1773277347
DNK,2014,1.1558648112
DNK,2015,1.1627702897
DNK,2016,1.1438792123
DNK,2023,1.1286342784
DNK,2018,1.1272396218
DNK,2019,1.1299622757
DNK,2020,1.1346056768
DNK,2017,1.1320817761
DNK,2022,1.1324194162
FIN,2005,1.777194939
FIN,2006,1.7048973037
FIN,2007,1.6088108298
FIN,2008,1.6319399931
FIN,2009,1.700077459
FIN,2010,1.6545007357
FIN,2004,1.7590458597
FIN,1998,1.5859910808
FIN,1999,1.6630782059
FIN,2000,1.6307461798
FIN,2001,1.7161535331
FIN,2002,1.7154350923
FIN,2003,1.7106568693
FIN,2011,1.6481940611
FIN,2014,1.5653293189
FIN,2013,1.6007296901
FIN,2015,1.522569314
FIN,2017,1.5234189937
FIN,2020,1.5219711049
FIN,2012,1.5569432048
FIN,2016,1.4986153266
FIN,2018,1.5054284283
FIN,2019,1.5061588288
FIN,2022,1.4529019443
FIN,2023,1.4561983705
FIN,2021,1.4604201222
GBR,2001,1.816173501
GBR,1999,1.6988163992
GBR,2002,1.8421601025
GBR,1998,1.6231502148
GBR,2000,1.6847156648
GBR,2003,1.8182876665
GBR,2004,1.777809589
GBR,2005,1.6964676624
GBR,2006,1.6402209619
GBR,2007,1.5731526801
GBR,2009,1.6047503667
GBR,2010,1.6120380218
GBR,2008,1.5685995954
GBR,2011,1.6287084974
GBR,2012,1.5960926804
GBR,2016,1.4997182037
GBR,2023,1.4973890654
GBR,2013,1.5949158212
GBR,2014,1.5259406671
GBR,2015,1.5200194035
GBR,2017,1.4953430115
GBR,2021,1.4810711942
GBR,2022,1.4740901097
GBR,2018,1.4904054801
GBR,2019,1.4898180724
GBR,2020,1.5045190262
IRL,1999,1.4541334021
IRL,2000,1.4461043227000001
IRL,2001,1.5923980325
IRL,2002,1.6011081145
IRL,2003,1.6239951798
IRL,2004,1.6444266053
IRL,2005,1.6343807313
IRL,2006,1.5188001134
IRL,1998,1.3478499883
IRL,2007,1.3879740892
IRL,2008,1.3568778063
IRL,2010,1.3738221698
IRL,2009,1.3468425326
IRL,2012,1.3795466574
IRL,2013,1.3764107495
IRL,2011,1.3614987772
IRL,2016,1.3026132123
IRL,2017,1.3348176327
IRL,2023,1.3069070793
IRL,2014,1.2972895896
IRL,2019,1.3238490666
IRL,2022,1.2519465135
IRL,2015,1.2905903872
IRL,2018,1.3008738723
IRL,2020,1.267779069
IRL,2021,1.2409659478
LTU,2022,0.8615815979
LTU,2023,0.8454092619
LTU,2019,0.800355855
LTU,2020,0.8074652639
LTU,2021,0.8405080513
LTU,2018,0.75062669420000006
LTU,2015,0.7187365526
LTU,2014,0.7283961411
LTU,2016,0.6651358042
LTU,2017,0.6825425195
LTU,2012,0.5955472179
LTU,2013,0.6550870344
LTU,2007,0.4426112614
LTU,2008,0.4765478161
LTU,2009,0.5061929023
LTU,2010,0.416459162
LTU,2011,0.4641216038
LTU,1999,0.0361454481
LTU,2000,0.0348314645
LTU,1998,0.0695546474
LTU,2006,0.2662869842
LTU,2001,0.0170045273
LTU,2004,0.0216249035
LTU,2005,0.1089073392
LTU,2002,-0.0898945067
LTU,2003,-0.070430684
NOR,1998,1.1614061868
NOR,1999,1.1195275234
NOR,2000,1.0294142427
NOR,2001,1.0898839817
NOR,2002,0.973100102
NOR,2003,0.9504456785
NOR,2006,0.9524128822
NOR,2009,1.0374413199
NOR,2004,0.8882206604
NOR,2005,0.8706895081
NOR,2007,0.9352258643
NOR,2010,0.9869622875
NOR,2008,0.8948948164
NOR,2011,0.945110076
NOR,2012,0.902545172
NOR,2013,0.9045018983
NOR,2014,0.8691832963
NOR,2016,0.8470689407
NOR,2015,0.8297449227
NOR,2017,0.6944130044
NOR,2018,0.6390036788
NOR,2019,0.6186059994
NOR,2020,0.6397204342
NOR,2021,0.6340749042
NOR,2022,0.5280262022
NOR,2023,0.4655630046
SWE,1998,1.698414034
SWE,1999,1.7355982629
SWE,2000,1.7572995283
SWE,2003,1.8373934003
SWE,2004,1.8865524616
SWE,2005,1.8044931987
SWE,2006,1.7722394563
SWE,2007,1.6902270781
SWE,2008,1.7282894113
SWE,2009,1.7465685216
SWE,2010,1.7778107108
SWE,2011,1.7707666054
SWE,2001,1.7929804768
SWE,2002,1.8416132018
SWE,2012,1.7308722314
SWE,2013,1.7465483625
SWE,2014,1.7092538837
SWE,2015,1.6881931596
SWE,2016,1.6437894318
SWE,2017,1.6402503727
SWE,2018,1.6273150608
SWE,2019,1.6117612372
SWE,2020,1.6417629758
SWE,2021,1.6086049408
SWE,2022,1.5686802205000001
SWE,2023,1.530816495
ALB,2009,0.2826189724
ALB,2010,0.2128913658
ALB,2011,0.0018759809
ALB,2008,-0.0715188362
ALB,2021,-0.1919547642
ALB,2022,-0.277119304
ALB,2020,-0.3804109093
ALB,2023,-0.3264653362
ALB,2019,-0.4377540595
ALB,2018,-0.5131739247
ALB,2017,-0.570986594
ALB,2012,-0.5829619217
ALB,2013,-0.6273209669
ALB,2014,-0.5492838841
ALB,2016,-0.668231247
ALB,2015,-0.6123645999
BIH,2022,0.6745799924
BIH,2023,0.6985166072
BIH,2017,0.5117421357
BIH,2018,0.5485423014
BIH,2019,0.5743176065
BIH,2021,0.6768363034
BIH,2008,0.44184823
BIH,2020,0.5588041603
BIH,2011,0.4820232999
BIH,2014,0.5087329843
BIH,2016,0.4839919928
BIH,2005,0.2175847522
BIH,2006,0.2845868555
BIH,2009,0.4091451731
BIH,2012,0.4932892788
BIH,2013,0.5294016837
BIH,2004,0.12896654330000001
BIH,2007,0.3776910797
BIH,2015,0.4773422692
BIH,2010,0.3723235833
ESP,1998,0.9508899419
ESP,2000,1.0518399036
ESP,2001,1.0932854334
ESP,1999,1.0011641806
ESP,2002,1.0570144355
ESP,2003,1.030969904
ESP,2004,1.0417931212
ESP,2007,0.9749826509
ESP,2005,0.9744089383
ESP,2006,0.9425051356
ESP,2008,0.967427435
ESP,2011,0.9522076414
ESP,2010,0.9470342402
ESP,2009,0.9437625723
ESP,2014,0.9219986344
ESP,2015,0.933719165
ESP,2016,0.8797912166
ESP,2012,0.9380968042
ESP,2013,0.9216564897
ESP,2017,0.8678282899
ESP,2023,0.8581269532
ESP,2018,0.8519124261
ESP,2019,0.8571932714
ESP,2020,0.8471320977
ESP,2021,0.8444062343
ESP,2022,0.8310506463
GRC,2004,0.257987119
GRC,1999,0.2684509458
GRC,2000,0.2492943432
GRC,2003,0.2099983939
GRC,2005,0.262114651
GRC,1998,0.1998944888
GRC,2001,0.1918400472
GRC,2002,0.1826518634
GRC,2023,0.4018322605
GRC,2017,0.3380528228
GRC,2006,0.2527139195
GRC,2018,0.322374133
GRC,2019,0.3017529756
GRC,2020,0.3366640741
GRC,2021,0.3728774136
GRC,2022,0.3437282494
GRC,2007,0.3138649994
GRC,2008,0.2809650552
GRC,2015,0.3601867551
GRC,2016,0.3245227704
GRC,2011,0.2260120084
GRC,2014,0.3107313819
GRC,2009,0.2624094108
GRC,2010,0.2310197727
GRC,2012,0.2999237164
GRC,2013,0.2814752999
HRV,2011,0.6982285959
HRV,2012,0.7595106417
HRV,2013,0.7604049857
HRV,1998,0.3978271212
HRV,2003,0.3890011077
HRV,2005,0.4473326171
HRV,2004,0.3698468659
HRV,2006,0.5552035423
HRV,2007,0.6009740998
HRV,2008,0.6241526439
HRV,2009,0.6638157287
HRV,2010,0.6681414297
HRV,2017,0.7043690559
HRV,2023,0.7639503346
HRV,2014,0.7519937116
HRV,2016,0.6916555708
HRV,2018,0.7049669132
HRV,2019,0.7313311767
HRV,2020,0.758610402
HRV,2021,0.7857179247
HRV,2022,0.7938058838
HRV,2000,0.3761835516
HRV,2015,0.7181564142
HRV,1999,0.3648936054
HRV,2002,0.3114265236
HRV,2001,0.2991102831
ITA,1998,1.1725966628
ITA,1999,1.231145019
ITA,2000,1.2417595812
ITA,2001,1.2664264029
ITA,2002,1.2544441836
ITA,2003,1.2452310321
ITA,2004,1.3070015419
ITA,2005,1.2602637326
ITA,2014,1.3387292382
ITA,2006,1.2346565352
ITA,2007,1.264982183
ITA,2015,1.3330407162
ITA,2018,1.3193232348
ITA,2019,1.3287691858
ITA,2020,1.3262865808
ITA,2021,1.3320307138
ITA,2022,1.2882891795
ITA,2008,1.2634543297
ITA,2009,1.2730008253
ITA,2010,1.2891076548
ITA,2012,1.352098508
ITA,2013,1.3625512975
ITA,2023,1.291132855
ITA,2011,1.3335934369
ITA,2016,1.2967734823
ITA,2017,1.3156740088
PRT,2005,0.2806709098
PRT,2007,0.4327345133
PRT,2006,0.284628152
PRT,2008,0.4180883998
PRT,2000,0.1657388881
PRT,2003,0.1191156839
PRT,2004,0.1991302939
PRT,2022,0.5537218517
PRT,2023,0.5704844509
PRT,1999,0.0789285725
PRT,2001,0.1488035309
PRT,2009,0.4055756592
PRT,2010,0.3938348421
PRT,2011,0.4437643964
PRT,2012,0.4699739146
PRT,2016,0.445718487
PRT,2021,0.5521905336
PRT,1998,0.0717717482
PRT,2002,0.0846644525
PRT,2013,0.4344416062
PRT,2014,0.4701288218
PRT,2015,0.4618577248
PRT,2017,0.4194451411
PRT,2018,0.4450954691
PRT,2020,0.4803133021
PRT,2019,0.4433960251
SRB,2007,0.6298076594
SRB,2006,0.5512069254
SRB,2008,0.6014229299
SRB,2023,0.7624828716
SRB,2009,0.6118738512
SRB,2018,0.6407956047
SRB,2019,0.6478895312
SRB,2020,0.6996733852
SRB,2021,0.7793069241
SRB,2022,0.7376852235
SRB,2010,0.5462523658
SRB,2016,0.5778422811
SRB,2017,0.6077437754
SRB,2011,0.5362198727
SRB,2012,0.5868350517
SRB,2015,0.6074773863
SRB,2013,0.6111946809
SRB,2014,0.6007168871
SVN,2021,1.5458816326
SVN,2022,1.5304364199
SVN,2018,1.5135479891
SVN,2019,1.5110908165
SVN,2020,1.5050342447
SVN,2023,1.484300823
SVN,2014,1.4241020973
SVN,2015,1.4720346804
SVN,2016,1.4707289111
SVN,2017,1.4872892289
SVN,2011,1.4345645187
SVN,2012,1.4654243997
SVN,2013,1.4691477858
SVN,2006,1.2677791438
SVN,2007,1.3235663191
SVN,2009,1.3594053721
SVN,2010,1.3633732083
SVN,2003,1.2126990089
SVN,2008,1.305802696
SVN,2002,1.1288981048
SVN,2005,1.255776874
SVN,1998,0.96176268090000006
SVN,2000,1.0670600986
SVN,2001,1.0936419174
SVN,2004,1.2786981183
SVN,1999,1.042472875
AUT,2009,1.5921559207
AUT,2006,1.536086021
AUT,2007,1.5402597547
AUT,2008,1.5528661163
AUT,2013,1.626298381
AUT,2023,1.5551126398
AUT,1998,1.403341521
AUT,2000,1.4438501381
AUT,2002,1.5531468633
AUT,2003,1.578424791
AUT,2004,1.6313140861
AUT,2005,1.5604292761
AUT,2011,1.6226717665
AUT,2019,1.5723986485
AUT,2020,1.5723433613
AUT,2021,1.5608554228
AUT,2022,1.5613520538
AUT,1999,1.4307935066
AUT,2001,1.4902963919
AUT,2012,1.6114488088
AUT,2015,1.5427742521
AUT,2016,1.5474109802
AUT,2017,1.5533819426
AUT,2018,1.5386500394
AUT,2010,1.5781388541
AUT,2014,1.5432474967
BEL,1999,1.2924236644
BEL,2000,1.330118754
BEL,2001,1.3786700927
BEL,2002,1.3844681781
BEL,2003,1.4415822354
BEL,2004,1.4638757113
BEL,2005,1.4267328434
BEL,2006,1.3502106284
BEL,2007,1.3266796397
BEL,2009,1.3713433068
BEL,2008,1.3386876318
BEL,2010,1.3357392441
BEL,2015,1.3549808712
BEL,2016,1.3487749626
BEL,2017,1.349807785
BEL,2014,1.3282752648
BEL,2011,1.3502369272
BEL,2018,1.3058882601
BEL,2020,1.3068086869
BEL,2021,1.2524198837
BEL,2012,1.3422936187
BEL,2013,1.3548638889
BEL,2019,1.2866502628
BEL,2022,1.224421067
BEL,2023,1.2254345369
CHE,2002,1.9100313297
CHE,2012,1.9569912149
CHE,2013,1.9523694268
CHE,2014,1.9132592605
CHE,2015,1.9403384077
CHE,2016,1.9766703791
CHE,2017,1.9954285231
CHE,2018,2.0297504137
CHE,2019,1.9919414364
CHE,1998,1.698314878
CHE,1999,1.722918102
CHE,2003,1.9163011096
CHE,2004,1.9017840206
CHE,2005,1.8450639675
CHE,2006,1.7886186373
CHE,2007,1.7146662718
CHE,2008,1.7828244579
CHE,2009,1.7928740612
CHE,2010,1.8281212256
CHE,2011,1.8916566601
CHE,2020,2.0066242211
CHE,2021,1.9816651062
CHE,2022,1.9725435134
CHE,2023,1.9643178931
CHE,2000,1.7261183433
CHE,2001,1.8123728714
DEU,1998,1.7055039176
DEU,1999,1.7785267546
DEU,2000,1.7776955453
DEU,2001,1.8525869143
DEU,2003,1.9595523756
DEU,2004,2.0175624603
DEU,2005,1.9312193459
DEU,2006,1.857150266
DEU,2007,1.7981659397
DEU,2008,1.8357210312
DEU,2009,1.8698763358
DEU,2010,1.8727392453
DEU,2011,1.8999365862
DEU,2002,1.9033832624
DEU,2012,1.8901146663
DEU,2013,1.8915777251
DEU,2014,1.8350488775
DEU,2015,1.872791999
DEU,2016,1.8874083441
DEU,2017,1.9163023567
DEU,2018,1.8888090078
DEU,2019,1.894856133
DEU,2020,1.910489884
DEU,2021,1.864986966
DEU,2022,1.8158746611
DEU,2023,1.7922192316
FRA,1998,1.4078534281
FRA,1999,1.4331964417
FRA,2001,1.5147291491
FRA,2000,1.4400947504
FRA,2002,1.5203700803
FRA,2003,1.554475742
FRA,2004,1.5931848619
FRA,2005,1.5124145326
FRA,2006,1.4404959243
FRA,2007,1.3871812411
FRA,2008,1.4384152241
FRA,2009,1.4556219508
FRA,2010,1.4876989303000001
FRA,2011,1.4988468989
FRA,2012,1.493707009
FRA,2013,1.4935517378
FRA,2014,1.4195942116
FRA,2015,1.4103016544
FRA,2016,1.3872584107000001
FRA,2017,1.3994639023
FRA,2018,1.3925746765
FRA,2019,1.4227239477
FRA,2020,1.4082368269
FRA,2021,1.3797830805
FRA,2022,1.3483370993
FRA,2023,1.3398349589
NLD,1998,1.237029557
NLD,2000,1.2756824888
NLD,2001,1.371636287
NLD,2002,1.3673028311
NLD,2003,1.3379673362
NLD,1999,1.2563930483
NLD,2004,1.3218253746
NLD,2005,1.2887952481
NLD,2006,1.2560385961
NLD,2008,1.2639965704
NLD,2007,1.2294916551
NLD,2009,1.2548825358
NLD,2010,1.2246666801
NLD,2011,1.2164392334
NLD,2012,1.240273686
NLD,2013,1.2017906609
NLD,2014,1.1867366729
NLD,2015,1.1742649376
NLD,2016,1.1803587337
NLD,2017,1.1627463824
NLD,2018,1.1247052556
NLD,2019,1.1260280087
NLD,2020,1.108663396
NLD,2021,1.0943032306
NLD,2022,1.110282447
NLD,2023,1.0791804083
CUB,2006,0.4293051229
CUB,2005,0.1844602404
CUB,1999,1.79746e-4
CUB,2007,0.3101825032
CUB,2004,0.0178609977
CUB,2008,0.1898944295
CUB,2000,-0.2289028207
CUB,2001,-0.2239488814
CUB,2018,0.0304914384
CUB,2002,-0.3583803256
CUB,2003,-0.2868777844
CUB,2017,0.0562232318
CUB,2019,-0.1142707297
CUB,2009,-0.141130661
CUB,2013,-0.0957248887
CUB,2016,-0.1259961818
CUB,2014,-0.0816510252
CUB,2010,-0.1708543118
CUB,2011,-0.1706025004
CUB,2012,-0.1686582669
CUB,2020,-0.2778125726
CUB,2015,-0.2247797775
CUB,2021,-0.3188449802
CUB,2022,-0.4190880066
CUB,2023,-0.4236671705
DOM,2022,0.0255468917
DOM,2023,0.0395699701
DOM,2021,-0.0291655323
DOM,2019,-0.1529779376
DOM,2020,-0.1823248113
DOM,2012,-0.2228709061
DOM,2010,-0.2420945063
DOM,2013,-0.2536225723
DOM,2016,-0.2232108454
DOM,2018,-0.2086123473
DOM,1998,-0.9524764118
DOM,2005,-0.5249035029
DOM,2009,-0.2781291491
DOM,2015,-0.1987166796
DOM,2004,-0.5581116237
DOM,2011,-0.2148229679
DOM,2017,-0.2257381999
DOM,2006,-0.4785780616
DOM,2014,-0.213116307
DOM,1999,-0.9311757577
DOM,2000,-0.7902450636
DOM,2008,-0.3158384442
DOM,2001,-0.7267040164
DOM,2003,-0.6701110966
DOM,2007,-0.3883445402
DOM,2002,-0.7407650297
JAM,2011,-0.1556846127
JAM,2012,-0.1642273662
JAM,2023,-0.144593466
JAM,2013,-0.1760468027
JAM,2017,-0.2072777984
JAM,2021,-0.2411699282
JAM,1999,-0.8870724679
JAM,2014,-0.2025421528
JAM,2009,-0.3203138831
JAM,2010,-0.3451185715
JAM,2015,-0.2044363119
JAM,2019,-0.2985101958
JAM,1998,-1.0007553921
JAM,2006,-0.5487999964
JAM,2018,-0.3130711981
JAM,2000,-0.8938796869
JAM,2002,-0.7054480997
JAM,2007,-0.4177514276
JAM,2008,-0.3744782102
JAM,2020,-0.3942246851
JAM,2005,-0.6694300901
JAM,2001,-0.7921146891
JAM,2004,-0.6738068187
JAM,2003,-0.8308762259
CRI,2023,0.3419471826
CRI,2016,0.3333389379
CRI,2021,0.2972590132
CRI,2022,0.3385055457
CRI,2003,-0.0358401295
CRI,2017,0.2727340024
CRI,2019,0.2517915743
CRI,2020,0.2644256782
CRI,2000,-0.1290142223
CRI,2018,0.2124973518
CRI,2002,-0.0718031805
CRI,2015,0.289807442
CRI,2001,-0.0474238253
CRI,1998,-0.2543485101
CRI,2005,-0.0849266562
CRI,2008,0.1192191517
CRI,1999,-0.2185386496
CRI,2004,-0.1113266755
CRI,2007,0.1267321358
CRI,2014,0.141052213
CRI,2006,-0.0340305635
CRI,2013,0.0830557592
CRI,2012,0.0142052312
CRI,2009,0.0024628812
CRI,2011,-0.0735341249
CRI,2010,-0.1298927088
GTM,1998,-0.5432472603
GTM,2000,-0.5429640886
GTM,1999,-0.5910991575
GTM,2001,-0.6311452028
GTM,2023,-0.209816321
GTM,2004,-0.5690647525
GTM,2002,-0.646558872
GTM,2003,-0.6106925428
GTM,2005,-0.601853014
GTM,2019,-0.3958323406
GTM,2022,-0.3104469093
GTM,2016,-0.4043981512
GTM,2021,-0.3226221671
GTM,2018,-0.4180396108
GTM,2007,-0.4213418853
GTM,2008,-0.3918858596
GTM,2017,-0.4223584739
GTM,2020,-0.4314192496
GTM,2006,-0.5946030855
GTM,2009,-0.4735753749
GTM,2015,-0.3909466889
GTM,2012,-0.5407624863
GTM,2014,-0.4337008543
GTM,2010,-0.5299606103
GTM,2011,-0.583823703
GTM,2013,-0.5830312755
HND,1998,-0.9825494694
HND,1999,-1.0366795863
HND,2000,-1.0007457488
HND,2016,-0.5549352404
HND,2021,-0.5986519631
HND,2001,-1.087697389
HND,2018,-0.62295969
HND,2019,-0.6366256282
HND,2022,-0.603623379
HND,2023,-0.5266820071
HND,2002,-1.1971696206
HND,2003,-1.1798122789
HND,2020,-0.6762786766
HND,2014,-0.5535023454
HND,2015,-0.5622691781
HND,2004,-1.1109156758
HND,2017,-0.6752285553
HND,2012,-0.7268416456
HND,2013,-0.7244631683
HND,2005,-1.1198596324
HND,2007,-0.8391609907
HND,2010,-0.8495332
HND,2008,-0.8008227587
HND,2006,-1.141405369
HND,2009,-0.8642643257
HND,2011,-0.8577350269
MEX,2018,1.1601017615
MEX,2019,1.1491824228
MEX,2020,1.1426781866
MEX,2014,1.1230684853
MEX,2015,1.1464880927
MEX,2016,1.1284941201
MEX,2017,1.1448094609
MEX,2021,1.1368244704
MEX,2010,0.9915123629
MEX,2011,1.0421652005
MEX,2012,1.0571073198
MEX,2013,1.057158242
MEX,2023,1.0872195111
MEX,2003,0.7312892989
MEX,2004,0.8068010378
MEX,2008,0.9332610293
MEX,2009,0.9462226912
MEX,2022,1.0883429177
MEX,2006,0.8040125207
MEX,2007,0.8876921777
MEX,2002,0.6345597003
MEX,2005,0.7613465467
MEX,2001,0.5838042752
MEX,2000,0.4705667986
MEX,1999,0.3787103487
MEX,1998,0.3288809293
NIC,2006,-1.1220602384
NIC,2007,-0.9259821512
NIC,2008,-0.9905944342
NIC,2009,-1.0756953139
NIC,2010,-1.164756676
NIC,2012,-1.0742789859
NIC,2019,-1.0842417271
NIC,2021,-1.0691307446
NIC,2020,-1.1112471494
NIC,2023,-0.9963415551
NIC,2022,-1.0396316612
NIC,2011,-1.1762363587
NIC,2013,-1.1310197968
NIC,2018,-1.1200572135
NIC,2014,-1.0712008897
NIC,2015,-1.1192993158
NIC,2016,-1.2039597708
NIC,2017,-1.1813237075
PAN,2012,0.3189382791
PAN,2013,0.285007572
PAN,2021,0.2325479607
PAN,2014,0.2768506018
PAN,2015,0.2389854108
PAN,2011,0.1614809191
PAN,2016,0.1843190318
PAN,2020,0.1578275276
PAN,2010,0.0495201762
PAN,2018,0.1350266607
PAN,2019,0.0813858261
PAN,1998,-0.3778918712
PAN,2008,0.0598805344
PAN,2017,0.13197526
PAN,2022,0.0842849238
PAN,2007,0.0372693253
PAN,2009,0.0185304326
PAN,1999,-0.3650540307
PAN,2004,-0.3320944326
PAN,2000,-0.31166297590000003
PAN,2001,-0.2869638049
PAN,2002,-0.3873519044
PAN,2003,-0.4068301792
PAN,2006,-0.2227879391
PAN,2005,-0.3511084729
PAN,2023,-0.1361490871
SLV,1998,-0.4270043727
SLV,1999,-0.3358424926
SLV,2000,-0.3572323641
SLV,2019,-0.1216868048
SLV,2023,0.0011772408
SLV,2002,-0.4593713425
SLV,2021,-0.0565710921
SLV,2022,-0.0644434661
SLV,2001,-0.4249201052
SLV,2017,-0.0957182775
SLV,2018,-0.1078185131
SLV,2020,-0.1579833412
SLV,2005,-0.4613505757
SLV,2004,-0.5065064187
SLV,2007,-0.258931747
SLV,2016,-0.2133388349
SLV,2003,-0.5675966339
SLV,2015,-0.19412537
SLV,2008,-0.2656708424
SLV,2014,-0.1921283724
SLV,2006,-0.4494322977
SLV,2009,-0.3489154329
SLV,2013,-0.3295068396
SLV,2010,-0.3819687422
SLV,2011,-0.3699421968
SLV,2012,-0.3189417783
CAN,1998,1.1347409037
CAN,2000,1.0986260528
CAN,2001,1.1139547156
CAN,1999,1.0727415878
CAN,2002,1.0994412652
CAN,2003,1.0539721407
CAN,2004,1.0476826882
CAN,2005,0.987586186
CAN,2006,0.9374094912
CAN,2008,0.9344613595
CAN,2009,0.9474636849
CAN,2007,0.930040932
CAN,2011,0.9508571731
CAN,2012,0.96417249
CAN,2013,0.9671362029
CAN,2014,0.9321958764
CAN,2015,0.944847631
CAN,2016,0.8879912023
CAN,2017,0.8997929679
CAN,2010,0.9142762053
CAN,2019,0.9388195942
CAN,2020,0.9218902629
CAN,2018,0.9104778982
CAN,2021,0.8933540615
CAN,2022,0.918370375
CAN,2023,0.8980336541
USA,1998,1.6595469112
USA,1999,1.6637383151
USA,2000,1.6674837777
USA,2001,1.7364975523
USA,2002,1.7476741297
USA,2003,1.7371288843
USA,2008,1.5764249978
USA,2004,1.7430814997
USA,2005,1.6739659734
USA,2006,1.610594797
USA,2007,1.5423437265
USA,2010,1.5964863893
USA,2009,1.5767395027
USA,2015,1.5915470989
USA,2012,1.6200886629
USA,2013,1.6142044771
USA,2014,1.5760940719
USA,2016,1.5803589576
USA,2017,1.5801268209
USA,2018,1.5467943791
USA,2011,1.599902232
USA,2019,1.5642554826
USA,2020,1.5571417846
USA,2023,1.4985359398
USA,2021,1.4828025381
USA,2022,1.4887750728
AUS,1998,0.5753044198
AUS,1999,0.5541026564
AUS,2000,0.5147946776
AUS,2001,0.4797023233
AUS,2002,0.3909026341
AUS,2003,0.2431026034
AUS,2004,0.2066444015
AUS,2005,0.1697063184
AUS,2008,0.1632349009
AUS,2009,0.1179786781
AUS,2006,0.1366434738
AUS,2007,0.1380302161
AUS,2010,-0.0132546736
AUS,2011,-0.1132747162
AUS,2012,-0.0987417749
AUS,2015,-0.1202500403
AUS,2013,-0.0981612395
AUS,2016,-0.1315536462
AUS,2017,-0.1514103203
AUS,2014,-0.104723572
AUS,2019,-0.2130118594
AUS,2018,-0.2195610016
AUS,2020,-0.2959812964
AUS,2022,-0.2737847706
AUS,2023,-0.2758042393
AUS,2021,-0.3608182287
NZL,1998,0.7570800104
NZL,1999,0.7135740443
NZL,2000,0.7119060377
NZL,2001,0.751549325
NZL,2002,0.6980888723
NZL,2003,0.6192715082
NZL,2004,0.6176576282
NZL,2005,0.5878580444
NZL,2006,0.6012446211
NZL,2007,0.588839585
NZL,2008,0.599804711
NZL,2009,0.5613601139
NZL,2015,0.5131305265
NZL,2010,0.4488342307
NZL,2012,0.5513436065
NZL,2013,0.5511908371
NZL,2014,0.5074616412
NZL,2023,0.484932541
NZL,2011,0.426927581
NZL,2022,0.4652340438
NZL,2016,0.3879786938
NZL,2019,0.447201307
NZL,2021,0.4533986025
NZL,2018,0.4040003958
NZL,2020,0.4690059943
NZL,2017,0.3272099827
PNG,1998,-1.4979522352
PNG,1999,-1.7188715249
PNG,2000,-1.8032182149
PNG,2002,-1.4828976405
PNG,2003,-1.4331424735
PNG,2004,-1.2849999423
PNG,2001,-1.7321249151
PNG,2005,-1.6464516038
PNG,2006,-1.7383792898
PNG,2007,-2.2620271357
PNG,2008,-2.247360291
PNG,2019,-1.4068558358
PNG,2009,-2.2866449521
PNG,2010,-2.2450082599
PNG,2011,-1.8061658465
PNG,2022,-1.4567549333
PNG,2013,-1.4992212208
PNG,2020,-1.3891472629
PNG,2021,-1.4515975399
PNG,2012,-1.6487351913
PNG,2016,-1.8908196314
PNG,2023,-1.6328044195
PNG,2017,-1.9205471967
PNG,2014,-1.5894576589
PNG,2018,-1.9293779253
PNG,2015,-1.7839594905
ARG,2001,0.4584315054
ARG,1998,0.391834939
ARG,1999,0.3832617397
ARG,2000,0.3962126399
ARG,2002,0.3996085273
ARG,2004,0.3148830098
ARG,2003,0.305166193
ARG,2005,0.3104680408
ARG,2006,0.3194852592
ARG,2009,0.4119540065
ARG,2008,0.3889881567
ARG,2007,0.3675783797
ARG,2012,0.3918285985
ARG,2013,0.3895705556
ARG,2014,0.4134284349
ARG,2010,0.3336088672
ARG,2015,0.4182116997
ARG,2011,0.2798771041
ARG,2017,0.2322690521
ARG,2016,0.3049559798
ARG,2019,0.2020146168
ARG,2020,0.1591642047
ARG,2018,0.1858581886
ARG,2021,0.0548187423
ARG,2022,0.0709320667
ARG,2023,0.0426324658
BOL,1999,-0.1429313485
BOL,2000,-0.2408881838
BOL,2001,-0.2472865472
BOL,2002,-0.5041906423
BOL,2003,-0.5913254506
BOL,2004,-0.8524516032
BOL,2006,-0.8004182362
BOL,2005,-0.9182070381
BOL,2012,-0.5518773921
BOL,2007,-0.7153181403
BOL,2013,-0.7179666297
BOL,2008,-0.7249860762
BOL,2017,-0.8005012683
BOL,2009,-0.8493251175
BOL,2014,-0.7022317787
BOL,2020,-0.9288687776
BOL,2010,-0.9893340574
BOL,2015,-0.8375491889
BOL,2022,-0.8684239198
BOL,2021,-0.910397052
BOL,2016,-0.9237740253
BOL,2018,-0.8554502246
BOL,2023,-0.8549213908
BOL,2019,-0.9801194941
BOL,2011,-1.0409070396
BRA,1998,0.7270000107
BRA,1999,0.6640946164
BRA,2000,0.6488500977
BRA,2002,0.5922777518
BRA,2004,0.6295000118
BRA,2005,0.6548439776
BRA,2006,0.6805748508
BRA,2007,0.7340384891
BRA,2001,0.5759502122
BRA,2003,0.6155897426
BRA,2008,0.7325379664
BRA,2011,0.6914634949
BRA,2009,0.6710346439
BRA,2010,0.6534941238
BRA,2012,0.7004580885
BRA,2013,0.6897940504
BRA,2015,0.6533511775
BRA,2014,0.6387671955
BRA,2016,0.5524767951
BRA,2017,0.5032094985
BRA,2018,0.506175892
BRA,2020,0.5045528405
BRA,2019,0.4756342716
BRA,2023,0.3140861461
BRA,2021,0.2849478446
BRA,2022,0.3323297766
CHL,1998,0.2895827095
CHL,1999,0.1559984635
CHL,2000,0.1693746062
CHL,2001,0.1296092463
CHL,2002,-0.0436119741
CHL,2003,-0.142885259
CHL,2004,-0.2034197848
CHL,2005,-0.1923796564
CHL,2006,-0.1537614649
CHL,2012,-0.0369051975
CHL,2010,-0.1263257696
CHL,2013,-0.0056363354
CHL,2011,-0.1134027871
CHL,2014,-0.0103834216
CHL,2015,-0.038933987
CHL,2016,-0.0958558189
CHL,2009,-0.1396379405
CHL,2007,-0.1622986409
CHL,2008,-0.1959333873
CHL,2020,-0.1665191297
CHL,2018,-0.1697770177
CHL,2017,-0.1669050087
CHL,2019,-0.1929923003
CHL,2021,-0.2176293752
CHL,2023,-0.1968765699
CHL,2022,-0.226852662
COL,2002,0.0715996036
COL,1998,0.0644948152
COL,2001,0.034632101
COL,1999,-0.0070172236
COL,2000,-0.0232018266
COL,2003,-0.0127581618
COL,2023,0.2323877556
COL,2019,0.2155420194
COL,2020,0.1911081256
COL,2022,0.1995445296
COL,2005,-0.0672862379
COL,2018,0.1928409085
COL,2004,-0.0214192853
COL,2013,0.1182229915
COL,2014,0.1846249723
COL,2017,0.1949739574
COL,2021,0.1602841514
COL,2012,0.1177998421
COL,2015,0.2289289388
COL,2007,0.0516473744
COL,2016,0.1375416379
COL,2006,-0.0595310914
COL,2008,0.0581595585
COL,2009,0.0201314923
COL,2011,-0.0137350837
COL,2010,-0.0480434966
ECU,1998,-0.6906321012
ECU,1999,-0.8418037361
ECU,2000,-0.7764670962
ECU,2001,-0.8121660941
ECU,2012,-0.4427011272
ECU,2002,-0.8898142562
ECU,2013,-0.4934442473
ECU,2003,-0.953762379
ECU,2011,-0.6341854835
ECU,2004,-0.9693185567
ECU,2010,-0.6856253406
ECU,2014,-0.5534313396
ECU,2005,-1.0135591756
ECU,2015,-0.5631258806
ECU,2006,-0.9262970154
ECU,2007,-0.7605437943
ECU,2009,-0.8231321978
ECU,2018,-0.7667325607
ECU,2008,-0.8300428339
ECU,2017,-0.8590059296
ECU,2019,-0.9285670991
ECU,2021,-0.8991878755
ECU,2020,-0.9917139989
ECU,2023,-0.8548892497
ECU,2016,-0.9460937324
ECU,2022,-0.9281874382
PER,1998,-0.4622033349
PER,1999,-0.5263325413
PER,2000,-0.5604784471
PER,2001,-0.5458649992
PER,2002,-0.5776382384
PER,2003,-0.7924523161
PER,2004,-0.8987363511
PER,2005,-0.8758531506
PER,2018,-0.6011686273
PER,2007,-0.6973947544
PER,2016,-0.6012674316
PER,2015,-0.5447829091
PER,2019,-0.6545092078
PER,2022,-0.6376696223
PER,2006,-0.8388810146
PER,2023,-0.6089759895
PER,2013,-0.6502487852
PER,2017,-0.6528469357
PER,2012,-0.6745425828
PER,2020,-0.7085117347
PER,2021,-0.6679583552
PER,2008,-0.7242800626
PER,2009,-0.7220642141
PER,2014,-0.5556245298
PER,2010,-0.7857828981
PER,2011,-0.7966266358
PRY,2000,-0.4041706454
PRY,2001,-0.507706445
PRY,2002,-0.5471675685
PRY,2003,-0.5825927167
PRY,2004,-0.55078228
PRY,2022,-0.3881621882
PRY,2020,-0.4594293725
PRY,2005,-0.6944962654
PRY,2023,-0.4184613057
PRY,2019,-0.5480993064
PRY,2021,-0.4400261038
PRY,2007,-0.63647827
PRY,2018,-0.5760267754
PRY,2006,-0.7892733136
PRY,2013,-0.5675621757
PRY,2014,-0.5375324117
PRY,2016,-0.6453995413
PRY,2008,-0.6361932382
PRY,2015,-0.5489969475
PRY,2017,-0.6401620184
PRY,2009,-0.7126125121
PRY,2012,-0.7132801421
PRY,2010,-0.8898340195
PRY,2011,-0.8760551957
URY,2001,0.4113550243
URY,1998,0.3866970448
URY,2000,0.3540195278
URY,2002,0.324515224
URY,1999,0.3397656616
URY,2005,0.3032479972
URY,2004,0.2085596768
URY,2003,0.157431654
URY,2006,0.2615338714
URY,2023,0.2174596787
URY,2009,0.1265146405
URY,2007,0.2002497508
URY,2008,0.0878532951
URY,2010,0.0819734063
URY,2017,0.1575215432
URY,2022,0.122937359
URY,2011,0.0889839221
URY,2013,0.1039424255
URY,2016,0.1781918573
URY,2012,0.0866875824
URY,2015,0.1815181015
URY,2018,0.0980740553
URY,2014,0.121455762
URY,2020,-0.0039982294
URY,2019,0.0216251242
URY,2021,0.0413889266
VEN,1998,0.1977618287
VEN,1999,0.0269259522
VEN,2000,-0.0228854054
VEN,2002,0.0253436483
VEN,2001,-0.0466698852
VEN,2003,-0.0623254709
VEN,2005,-0.08494986
VEN,2004,-0.1288330389
VEN,2006,-0.0692269826
VEN,2007,-0.0733069328
VEN,2008,-0.0414791239
VEN,2009,-0.0235953768
VEN,2010,-0.1325907905
VEN,2011,-0.1897458612
VEN,2012,-0.3158576239
VEN,2015,-0.3161673478
VEN,2013,-0.3902661921
VEN,2014,-0.4235970472
VEN,2017,-0.6110512846
VEN,2016,-0.6598105285
VEN,2018,-0.656336048
VEN,2019,-0.7819092858
VEN,2023,-0.824373281
VEN,2022,-0.8961819398
VEN,2020,-1.0833220041
VEN,2021,-1.072301935
