ISO3,year,commodity_index
ALB,1995,0.01688980515742844
ALB,1996,0.0177642870129585
ALB,1997,0.018793431804599005
ALB,1998,0.018727938822256034
ALB,1999,0.018338011756951468
ALB,2000,0.018291586845410494
ALB,2001,0.018545892069658832
ALB,2002,0.018125777490104772
ALB,2003,0.017661026011626297
ALB,2004,0.01749701507854891
ALB,2005,0.01742701245657128
ALB,2006,0.01762613548325389
ALB,2007,0.017896822165821082
ALB,2008,0.01792135000951086
ALB,2009,0.019145156287939304
ALB,2010,0.01907512623173612
ALB,2011,0.018700602288177312
ALB,2012,0.01851795219941223
ALB,2013,0.01888486111974484
ALB,2014,0.019405776539230875
ALB,2015,0.019854235256677503
ALB,2016,0.01993785748905657
ALB,2017,0.019571907846134183
ALB,2018,0.019595038824184424
ALB,2019,0.019397505024130436
ALB,2020,0.019192013051115165
ALB,2021,0.01837204222536186
ALB,2022,0.018139269749654793
ALB,2023,0.019151637841725914
ARE,1995,-0.7418557054046364
ARE,1996,-0.7367478063852957
ARE,1997,-0.7276474388978511
ARE,1998,-0.7616998513109268
ARE,1999,-0.789985682968489
ARE,2000,-0.6150479224753368
ARE,2001,-0.5945974725413412
ARE,2002,-0.6706080193743212
ARE,2003,-0.6150372157843167
ARE,2004,-0.5972874969492673
ARE,2005,-0.49532872366633135
ARE,2006,-0.40305314484590393
ARE,2007,-0.41580044045154924
ARE,2008,-0.32114789644757197
ARE,2009,-0.45445903352757844
ARE,2010,-0.4570441266355889
ARE,2011,-0.4201866754840811
ARE,2012,-0.4087014133803386
ARE,2013,-0.40928917429608197
ARE,2014,-0.44618438947048983
ARE,2015,-0.5223810580919109
ARE,2016,-0.62026779084586
ARE,2017,-0.5557359621197353
ARE,2018,-0.4874548798085095
ARE,2019,-0.6151764262010957
ARE,2020,-0.7171964801930915
ARE,2021,-0.29881691245895264
ARE,2022,-0.07268788191969919
ARE,2023,-0.37832422705661467
ARG,1995,-5.311869699309173e-4
ARG,1996,0.016889795035155624
ARG,1997,0.002754133956805511
ARG,1998,-0.0076779249222399286
ARG,1999,-0.009340718155307525
ARG,2000,-0.003026641069183716
ARG,2001,-0.0014223905875607222
ARG,2002,0.004794941223081352
ARG,2003,0.005765536970235134
ARG,2004,0.008726969311602967
ARG,2005,0.006396858954503481
ARG,2006,0.01986420199436831
ARG,2007,0.03190400652668678
ARG,2008,0.0476720578655999
ARG,2009,0.02941253738964142
ARG,2010,0.036153672993756554
ARG,2011,0.0552233177228909
ARG,2012,0.05589233801325083
ARG,2013,0.04917695000405122
ARG,2014,0.035221291357326386
ARG,2015,0.025561325653937633
ARG,2016,0.022260056250881417
ARG,2017,0.022095839833610405
ARG,2018,0.02629338504722935
ARG,2019,0.027068078889493773
ARG,2020,0.02285495133404697
ARG,2021,0.04496460692145168
ARG,2022,0.055694788752605695
ARG,2023,0.04399435639541289
AUS,1995,-0.4736411584476451
AUS,1996,-0.4560623438282654
AUS,1997,-0.4595160305683518
AUS,1998,-0.4867561141757785
AUS,1999,-0.5321623306262417
AUS,2000,-0.47514280547161863
AUS,2001,-0.42145690596879654
AUS,2002,-0.4570922026906362
AUS,2003,-0.42975873465029907
AUS,2004,-0.30568131999532994
AUS,2005,-0.19129822433517546
AUS,2006,-0.12542170054971088
AUS,2007,0.02610079672030025
AUS,2008,0.16579260190427134
AUS,2009,-0.052345283753089895
AUS,2010,0.129101990522413
AUS,2011,0.17533411925170433
AUS,2012,0.08938986778168936
AUS,2013,0.07026902356324669
AUS,2014,-0.036820441586621705
AUS,2015,-0.16563886043843698
AUS,2016,-0.14009930151743585
AUS,2017,-0.05452797776690367
AUS,2018,-0.03654927958690565
AUS,2019,-0.02746389869846667
AUS,2020,-0.023026502137099784
AUS,2021,0.22061597706109498
AUS,2022,0.307289593503282
AUS,2023,0.16234846367134437
AUT,1995,0.016380190841806253
AUT,1996,0.015293619129590055
AUT,1997,0.015412186880227732
AUT,1998,0.013939322481800008
AUT,1999,0.014052225381195238
AUT,2000,0.014761858950061784
AUT,2001,0.014257482480125157
AUT,2002,0.01424856675158252
AUT,2003,0.014624011570419784
AUT,2004,0.01640314239072575
AUT,2005,0.017425806798641356
AUT,2006,0.020095404560510996
AUT,2007,0.02010509507207351
AUT,2008,0.019591116825971706
AUT,2009,0.018476215057207163
AUT,2010,0.019919670245844043
AUT,2011,0.020096369515972577
AUT,2012,0.019700261248124896
AUT,2013,0.019251792132142564
AUT,2014,0.018935538915212644
AUT,2015,0.01837497810829948
AUT,2016,0.0182199173230944
AUT,2017,0.019000399856251637
AUT,2018,0.019005188278193877
AUT,2019,0.018800209298197382
AUT,2020,0.019035948753754826
AUT,2021,0.02013677814390333
AUT,2022,0.019257335483298936
AUT,2023,0.019158627358604376
BEL,1995,0.012121254342718678
BEL,1996,0.013738580404886493
BEL,1997,0.012454266270556368
BEL,1998,0.010848429396541745
BEL,1999,0.009259694992166322
BEL,2000,0.012378195519629383
BEL,2001,0.012476875758875187
BEL,2002,0.012943536574572463
BEL,2003,0.01618180495500831
BEL,2004,0.019137277997518458
BEL,2005,0.020813231488224542
BEL,2006,0.021954448835516654
BEL,2007,0.027682102055208085
BEL,2008,0.035170256319638916
BEL,2009,0.023520525522606958
BEL,2010,0.028098398614089082
BEL,2011,0.029625538882195438
BEL,2012,0.02851301136080613
BEL,2013,0.026486261673725316
BEL,2014,0.02608486508858477
BEL,2015,0.02574827630598857
BEL,2016,0.02244217462177089
BEL,2017,0.022576035974568143
BEL,2018,0.023557436983847532
BEL,2019,0.022151519495070278
BEL,2020,0.02195991688476018
BEL,2021,0.029675393218460806
BEL,2022,0.031619753360882366
BEL,2023,0.026079674791364443
BEN,1995,-0.4565324339703875
BEN,1996,-0.4753469945978749
BEN,1997,-0.4714680444811298
BEN,1998,-0.4882796894560557
BEN,1999,-0.5102728748665518
BEN,2000,-0.49654256067269925
BEN,2001,-0.5160860954802146
BEN,2002,-0.5190477977910959
BEN,2003,-0.4883390199064124
BEN,2004,-0.498710393690295
BEN,2005,-0.5155974327363424
BEN,2006,-0.5138755867528351
BEN,2007,-0.5095704741524809
BEN,2008,-0.504281841782126
BEN,2009,-0.5119038959481964
BEN,2010,-0.4581168508232133
BEN,2011,-0.42670876416785436
BEN,2012,-0.48655935765252317
BEN,2013,-0.4845636545550479
BEN,2014,-0.49268208384471035
BEN,2015,-0.5001562246495207
BEN,2016,-0.4894823096973568
BEN,2017,-0.4796672680646058
BEN,2018,-0.4746950499023736
BEN,2019,-0.4904151673984459
BEN,2020,-0.497736190732674
BEN,2021,-0.47117773299802784
BEN,2022,-0.4504978333151326
BEN,2023,-0.4832764257694677
BGR,1995,0.35285795654708024
BGR,1996,0.3362959946315716
BGR,1997,0.3417835230006677
BGR,1998,0.31497446685937946
BGR,1999,0.31145171376239544
BGR,2000,0.3247576139906423
BGR,2001,0.3160920212515057
BGR,2002,0.31436506029549116
BGR,2003,0.3214695905805363
BGR,2004,0.363080611883688
BGR,2005,0.38425241907584956
BGR,2006,0.44251386208113774
BGR,2007,0.4482481555378298
BGR,2008,0.43418366438072586
BGR,2009,0.41392082813341563
BGR,2010,0.44741147277057175
BGR,2011,0.45114703799888883
BGR,2012,0.44039538579996645
BGR,2013,0.43440374470116233
BGR,2014,0.4312911264126295
BGR,2015,0.42095220815570783
BGR,2016,0.414855771500714
BGR,2017,0.4352708995533866
BGR,2018,0.43541929667963086
BGR,2019,0.42838174812989277
BGR,2020,0.43070019647385377
BGR,2021,0.4574791041489849
BGR,2022,0.44524758699346567
BGR,2023,0.4455278397992906
BHR,1995,0.4757566981649256
BHR,1996,0.44551669591827686
BHR,1997,0.4665603359671506
BHR,1998,0.44231335041457653
BHR,1999,0.44483621637621223
BHR,2000,0.4820279203334635
BHR,2001,0.4772492327116771
BHR,2002,0.4621745876747799
BHR,2003,0.4668663029248917
BHR,2004,0.4894621053882348
BHR,2005,0.5088050715774582
BHR,2006,0.5665533883770837
BHR,2007,0.5593721710818818
BHR,2008,0.5462540191132794
BHR,2009,0.4689176931676723
BHR,2010,0.5118242535334364
BHR,2011,0.5130604122944014
BHR,2012,0.4830646873157978
BHR,2013,0.46685297368675605
BHR,2014,0.4692887593363804
BHR,2015,0.461921077543975
BHR,2016,0.45662120605871315
BHR,2017,0.4924478994817148
BHR,2018,0.5009499245668068
BHR,2019,0.46726454528312156
BHR,2020,0.45427876080357626
BHR,2021,0.5287188993596279
BHR,2022,0.5460466211506475
BHR,2023,0.49894158297123387
BLR,1995,0.010364341851282367
BLR,1996,0.01581537136810786
BLR,1997,0.017899841344986615
BLR,1998,0.017547299069035165
BLR,1999,0.017144133234816623
BLR,2000,0.02598576004210602
BLR,2001,0.030288305166220518
BLR,2002,0.03153131834564884
BLR,2003,0.030859486099352212
BLR,2004,0.03899980770979595
BLR,2005,0.06404883396555953
BLR,2006,0.07849491533950152
BLR,2007,0.08675408842859678
BLR,2008,0.18727779696460273
BLR,2009,0.20862231685153532
BLR,2010,0.14290242077635051
BLR,2011,0.15394111100880117
BLR,2012,0.17551269463800556
BLR,2013,0.1533069281761728
BLR,2014,0.11866296505442167
BLR,2015,0.1304425440596716
BLR,2016,0.11511060879949844
BLR,2017,0.09037321150665859
BLR,2018,0.08492380855956828
BLR,2019,0.10867071756301167
BLR,2020,0.10286582196844951
BLR,2021,0.19753220521541337
BLR,2022,0.24904094438551447
BLR,2023,0.14350809057632585
BLZ,1995,-0.6624551105019494
BLZ,1996,-0.6720310670397931
BLZ,1997,-0.6722586343064578
BLZ,1998,-0.6942988330854537
BLZ,1999,-0.731604421424007
BLZ,2000,-0.7003848038148518
BLZ,2001,-0.6900847749369532
BLZ,2002,-0.714021016234711
BLZ,2003,-0.7164332036038691
BLZ,2004,-0.7225676554222218
BLZ,2005,-0.6901517697765689
BLZ,2006,-0.6480669542589873
BLZ,2007,-0.6974253861639095
BLZ,2008,-0.6791002142346997
BLZ,2009,-0.6330246787318996
BLZ,2010,-0.6192183104222799
BLZ,2011,-0.6086081689914232
BLZ,2012,-0.6287568299966255
BLZ,2013,-0.6502342127630217
BLZ,2014,-0.6530905355775802
BLZ,2015,-0.668130074654322
BLZ,2016,-0.6307286982930337
BLZ,2017,-0.6478819432110812
BLZ,2018,-0.6806455577743302
BLZ,2019,-0.6762380742083652
BLZ,2020,-0.6732247835800317
BLZ,2021,-0.6500209491483493
BLZ,2022,-0.652825390019129
BLZ,2023,-0.623259384753443
BOL,1995,-4.992906231867477
BOL,1996,-4.911696991202903
BOL,1997,-4.89846287626388
BOL,1998,-4.998788851951254
BOL,1999,-5.140109031471717
BOL,2000,-4.3423357695944595
BOL,2001,-4.228718235363591
BOL,2002,-4.586357172837668
BOL,2003,-4.3274806695645855
BOL,2004,-4.285905866021847
BOL,2005,-3.8089291896116424
BOL,2006,-3.4420781217269925
BOL,2007,-3.50420552800216
BOL,2008,-3.0094679732764935
BOL,2009,-3.4919485040764244
BOL,2010,-3.5948918151154907
BOL,2011,-3.403176818422368
BOL,2012,-3.282725112030957
BOL,2013,-3.250830982217836
BOL,2014,-3.449797159768819
BOL,2015,-3.8310347882047595
BOL,2016,-4.30342216289531
BOL,2017,-4.0526796250430515
BOL,2018,-3.728597235326319
BOL,2019,-4.314318151910817
BOL,2020,-4.801956761701267
BOL,2021,-2.832431070504849
BOL,2022,-1.724794628366795
BOL,2023,-3.1635125045794195
BRA,1995,-0.2189453870172913
BRA,1996,-0.20265466390322975
BRA,1997,-0.19660567533163684
BRA,1998,-0.2065569197527215
BRA,1999,-0.23670596705930302
BRA,2000,-0.21897962353801156
BRA,2001,-0.21093603417922038
BRA,2002,-0.2124420093674331
BRA,2003,-0.1995582977761136
BRA,2004,-0.18647666427905518
BRA,2005,-0.13994372300711505
BRA,2006,-0.123781564430628
BRA,2007,-0.07307756521661898
BRA,2008,-0.03771381618415686
BRA,2009,-0.08344192189569742
BRA,2010,-0.02616580423326496
BRA,2011,-0.014322034375780883
BRA,2012,-0.03621003714766813
BRA,2013,-0.042906521692751755
BRA,2014,-0.07934517850062779
BRA,2015,-0.12973037783604716
BRA,2016,-0.10551538930558037
BRA,2017,-0.09990828239934685
BRA,2018,-0.11890735625736473
BRA,2019,-0.0908094629525965
BRA,2020,-0.06614796260403137
BRA,2021,-0.021422133497231155
BRA,2022,-0.05099895513089196
BRA,2023,-0.04355305854184791
BRN,1995,-3.3109164019429795
BRN,1996,-3.2563369908988293
BRN,1997,-3.247122217365783
BRN,1998,-3.319152753252528
BRN,1999,-3.4139143908743574
BRN,2000,-2.872241248304915
BRN,2001,-2.793176025880197
BRN,2002,-3.0370733794801215
BRN,2003,-2.8617792558533446
BRN,2004,-2.8394856569656457
BRN,2005,-2.5176720988448906
BRN,2006,-2.2793978980054836
BRN,2007,-2.3236118238579313
BRN,2008,-1.9891901443036433
BRN,2009,-2.3171864582218533
BRN,2010,-2.3937514450255377
BRN,2011,-2.274672540641885
BRN,2012,-2.190248962521614
BRN,2013,-2.1623471969642774
BRN,2014,-2.2921835121791165
BRN,2015,-2.548379453876232
BRN,2016,-2.8716108265522595
BRN,2017,-2.7007251225686435
BRN,2018,-2.4779773346617335
BRN,2019,-2.8763127929604075
BRN,2020,-3.2128834002305244
BRN,2021,-1.8801092930997712
BRN,2022,-1.1241863152607476
BRN,2023,-2.101771625045575
CAN,1995,-0.2906673923349616
CAN,1996,-0.26176007245327704
CAN,1997,-0.26396028881496475
CAN,1998,-0.3185873776919513
CAN,1999,-0.2762126474625538
CAN,2000,-0.1958238567371496
CAN,2001,-0.20573802513078887
CAN,2002,-0.20709223060080775
CAN,2003,-0.18875768298846848
CAN,2004,-0.14874499360519208
CAN,2005,-0.09213479560671999
CAN,2006,-0.05280098614037131
CAN,2007,-0.03566233989954237
CAN,2008,0.01834057611696617
CAN,2009,-0.05955132104437662
CAN,2010,-0.026574799754950286
CAN,2011,0.004370916006438703
CAN,2012,0.0034158958828652743
CAN,2013,-8.981007189351871e-4
CAN,2014,-0.02092252498831036
CAN,2015,-0.10877214305893594
CAN,2016,-0.1353292372374836
CAN,2017,-0.1026378573322356
CAN,2018,-0.06585507223841247
CAN,2019,-0.08666016585572166
CAN,2020,-0.14639502508714097
CAN,2021,-0.033900612378867094
CAN,2022,0.03498324201152571
CAN,2023,-0.03046372994978675
CHL,1995,1.8475156850538903
CHL,1996,1.7178705255816462
CHL,1997,1.7438492235561733
CHL,1998,1.5865280956312338
CHL,1999,1.5639236624054225
CHL,2000,1.6572536592872855
CHL,2001,1.6015483086450333
CHL,2002,1.6010482467783078
CHL,2003,1.6501890588154904
CHL,2004,1.8965904003534646
CHL,2005,2.0476917860430754
CHL,2006,2.389517456716024
CHL,2007,2.4114924259852413
CHL,2008,2.3615808286620146
CHL,2009,2.1960174399620866
CHL,2010,2.4241257690604887
CHL,2011,2.4586708067142906
CHL,2012,2.390499925767141
CHL,2013,2.3463906918051305
CHL,2014,2.3007574014346748
CHL,2015,2.210721716464097
CHL,2016,2.1656983903633735
CHL,2017,2.292223749464149
CHL,2018,2.294782834516532
CHL,2019,2.2745292873644236
CHL,2020,2.307837717746397
CHL,2021,2.4969369830656394
CHL,2022,2.4066288941026044
CHL,2023,2.4024549964499196
CHN,1995,7.364445398479226e-4
CHN,1996,0.0011842499149253049
CHN,1997,0.0012479536899097168
CHN,1998,0.0013750438283093639
CHN,1999,0.0011418616433001522
CHN,2000,8.886408145195195e-4
CHN,2001,7.802287126756856e-4
CHN,2002,9.274329878587065e-4
CHN,2003,0.0010877965959654524
CHN,2004,0.0014734766552393645
CHN,2005,0.0015906425185188292
CHN,2006,0.0015304996097034822
CHN,2007,0.002671988725705932
CHN,2008,0.00485011408650539
CHN,2009,0.0019621991803753505
CHN,2010,0.0028510118786096643
CHN,2011,0.0034424787075474643
CHN,2012,0.003081770615420578
CHN,2013,0.0026129618526461286
CHN,2014,0.0026552101801611203
CHN,2015,0.0028764426766682517
CHN,2016,0.002323338518880321
CHN,2017,0.0021778856128667236
CHN,2018,0.002565878042839123
CHN,2019,0.002220004669645416
CHN,2020,0.0019978567804844445
CHN,2021,0.0034790009418808484
CHN,2022,0.00401103224361103
CHN,2023,0.0030920756867323534
CIV,1995,-0.3705332385584702
CIV,1996,-0.3856022446760723
CIV,1997,-0.41280199192696904
CIV,1998,-0.44231753260241574
CIV,1999,-0.46722327069133285
CIV,2000,-0.4635141292048336
CIV,2001,-0.47788161433801285
CIV,2002,-0.4370830108609239
CIV,2003,-0.3963547301003989
CIV,2004,-0.38711207203614717
CIV,2005,-0.37991973791418326
CIV,2006,-0.3348679010874123
CIV,2007,-0.31895823531920137
CIV,2008,-0.3013552134247259
CIV,2009,-0.31997608391669163
CIV,2010,-0.2403962534509222
CIV,2011,-0.207874568486756
CIV,2012,-0.25047390558382243
CIV,2013,-0.2788834954842749
CIV,2014,-0.3169588170369063
CIV,2015,-0.33076151567746986
CIV,2016,-0.3137693434058562
CIV,2017,-0.29727613832232236
CIV,2018,-0.32790329253418454
CIV,2019,-0.3194593104057071
CIV,2020,-0.2964280708721795
CIV,2021,-0.2839774702412875
CIV,2022,-0.3010123352545266
CIV,2023,-0.31886552724018685
CMR,1995,-0.08874078049930345
CMR,1996,-0.09392418055616442
CMR,1997,-0.09573848361977265
CMR,1998,-0.10276703106019375
CMR,1999,-0.1067444087431355
CMR,2000,-0.10287865935780445
CMR,2001,-0.10717565339406164
CMR,2002,-0.104540069062835
CMR,2003,-0.09676218877374022
CMR,2004,-0.09610197486412282
CMR,2005,-0.09640302354015341
CMR,2006,-0.09023175023395594
CMR,2007,-0.08957430652196312
CMR,2008,-0.0890217495005615
CMR,2009,-0.09573617805758207
CMR,2010,-0.07953168437784004
CMR,2011,-0.07328995434844791
CMR,2012,-0.08682630256882196
CMR,2013,-0.0895004588634876
CMR,2014,-0.09456271476086427
CMR,2015,-0.09710575727151384
CMR,2016,-0.09467871039843836
CMR,2017,-0.0899842700166991
CMR,2018,-0.09254628266694713
CMR,2019,-0.0948764895145112
CMR,2020,-0.09530373604584409
CMR,2021,-0.08905005288509203
CMR,2022,-0.08883599130042016
CMR,2023,-0.09584169951820021
COD,1995,-0.20052504749607933
COD,1996,-0.17992635497690646
COD,1997,-0.18152364911726004
COD,1998,-0.21791449119876036
COD,1999,-0.1809889930296573
COD,2000,-0.13170456860845445
COD,2001,-0.14346985948766863
COD,2002,-0.13969844674759233
COD,2003,-0.1292673259490274
COD,2004,-0.10767945604519848
COD,2005,-0.07373525837827453
COD,2006,-0.056475925914143355
COD,2007,-0.05201473803022076
COD,2008,-0.026717226264814417
COD,2009,-0.06832449476680029
COD,2010,-0.04569340828074506
COD,2011,-0.027456833728827745
COD,2012,-0.025642794174112447
COD,2013,-0.026130608180935315
COD,2014,-0.03306622212476912
COD,2015,-0.09095243483988492
COD,2016,-0.10493120691103947
COD,2017,-0.08605413920972448
COD,2018,-0.0632807727250508
COD,2019,-0.07223998608991694
COD,2020,-0.11323089013138717
COD,2021,-0.06982131108603788
COD,2022,-0.04086630957070824
COD,2023,-0.057553578148498846
COL,1995,-1.2383586700002414
COL,1996,-1.1286395569919119
COL,1997,-1.1485582398139869
COL,1998,-1.3737081716815749
COL,1999,-1.1956615909160788
COL,2000,-0.9216911331874071
COL,2001,-0.9433633180821803
COL,2002,-0.9555084747523752
COL,2003,-0.8966580388007304
COL,2004,-0.670529866925223
COL,2005,-0.5047166376842415
COL,2006,-0.3922695329307599
COL,2007,-0.32852397302597897
COL,2008,-0.0850223655022717
COL,2009,-0.382084539545521
COL,2010,-0.20054452312639384
COL,2011,-0.07681154524096485
COL,2012,-0.10272812765765879
COL,2013,-0.13680742404208435
COL,2014,-0.20811481247546817
COL,2015,-0.5337224017783804
COL,2016,-0.5743685539728295
COL,2017,-0.43233651028511677
COL,2018,-0.2905290913066746
COL,2019,-0.38164138231970934
COL,2020,-0.6276229226561908
COL,2021,-0.27786155557004677
COL,2022,0.01471054570694148
COL,2023,-0.17807481179464785
CRI,1995,-0.08257935647118288
CRI,1996,-0.0880453409268786
CRI,1997,-0.08638061514111606
CRI,1998,-0.08395972797672441
CRI,1999,-0.1022212170979266
CRI,2000,-0.10649383609549877
CRI,2001,-0.10660591058989058
CRI,2002,-0.10044300223081809
CRI,2003,-0.09809116063425703
CRI,2004,-0.09878587576823787
CRI,2005,-0.09611028207101052
CRI,2006,-0.08503858757451266
CRI,2007,-0.0826240366934514
CRI,2008,-0.07345139081791832
CRI,2009,-0.07324642994937992
CRI,2010,-0.06360773595607759
CRI,2011,-0.05634068287111416
CRI,2012,-0.06560376820100701
CRI,2013,-0.07541647792096973
CRI,2014,-0.07542320281523728
CRI,2015,-0.08227053349721947
CRI,2016,-0.06940761950828292
CRI,2017,-0.07301718617725114
CRI,2018,-0.08749822082655086
CRI,2019,-0.08866575387851032
CRI,2020,-0.08029904690904945
CRI,2021,-0.06607463090210478
CRI,2022,-0.06558348519908483
CRI,2023,-0.07006078373252947
CUB,1995,-0.09628408962070485
CUB,1996,-0.09767590054174236
CUB,1997,-0.09770897615207567
CUB,1998,-0.10091239392462036
CUB,1999,-0.10633454940957197
CUB,2000,-0.10179695522069723
CUB,2001,-0.10029990449551829
CUB,2002,-0.10377890128452313
CUB,2003,-0.10412949902488619
CUB,2004,-0.10502110677202038
CUB,2005,-0.1003096418151335
CUB,2006,-0.09419285279090009
CUB,2007,-0.10136682066544786
CUB,2008,-0.09870336095568738
CUB,2009,-0.09200654343651676
CUB,2010,-0.08999986618007197
CUB,2011,-0.08845774235579822
CUB,2012,-0.09138623585099089
CUB,2013,-0.09450785151115386
CUB,2014,-0.09492300181719379
CUB,2015,-0.09710891344405388
CUB,2016,-0.09167283571377666
CUB,2017,-0.09416596248537595
CUB,2018,-0.09892796786641349
CUB,2019,-0.09828736515093953
CUB,2020,-0.0978494004642578
CUB,2021,-0.0944768548554372
CUB,2022,-0.09488446441547747
CUB,2023,-0.0905872133933357
CZE,1995,0.0033306438684384417
CZE,1996,0.0031712355715696142
CZE,1997,0.003091587128473718
CZE,1998,0.002670717071244398
CZE,1999,0.00302737788724635
CZE,2000,0.0030879753419589817
CZE,2001,0.002984751612116209
CZE,2002,0.002973357319605369
CZE,2003,0.0030118708933370166
CZE,2004,0.003027504425511085
CZE,2005,0.0031459531024137476
CZE,2006,0.0034125164748890473
CZE,2007,0.003439971915231693
CZE,2008,0.0033047768965880886
CZE,2009,0.0031646196564805444
CZE,2010,0.003108131637938875
CZE,2011,0.003029221725640572
CZE,2012,0.0030531487459394767
CZE,2013,0.002889993263190298
CZE,2014,0.002757681918581035
CZE,2015,0.0026857087570717714
CZE,2016,0.0029849398879063277
CZE,2017,0.002850134164660765
CZE,2018,0.002790007624806247
CZE,2019,0.002862607992307337
CZE,2020,0.002937117271311445
CZE,2021,0.002658863683944264
CZE,2022,0.0021669036669426833
CZE,2023,0.002082593912399186
DEU,1995,-0.0020432760473887385
DEU,1996,-0.001720241412157368
DEU,1997,-0.0020110317840495253
DEU,1998,-0.0023531599811375606
DEU,1999,-0.002680660079389916
DEU,2000,-0.0025040038624381086
DEU,2001,-0.0021869937321621455
DEU,2002,-0.0019873207485910714
DEU,2003,-0.002147496589151251
DEU,2004,-0.0020719212495570833
DEU,2005,-0.001799547296734918
DEU,2006,-0.0011419834442480295
DEU,2007,-8.285502874674108e-4
DEU,2008,6.962522494860212e-4
DEU,2009,4.0431348245534846e-4
DEU,2010,-1.7696689599060715e-4
DEU,2011,4.069147147352536e-4
DEU,2012,4.909014018251167e-4
DEU,2013,1.5635249299974192e-4
DEU,2014,-3.100495443483885e-4
DEU,2015,-6.134072108103009e-4
DEU,2016,-8.861833936524378e-4
DEU,2017,-0.0012141408354030886
DEU,2018,-0.0011558716129669057
DEU,2019,-9.653298166267471e-4
DEU,2020,-7.726449752072621e-4
DEU,2021,6.578739745872902e-4
DEU,2022,0.0015716793942545859
DEU,2023,3.194794828806578e-4
DNK,1995,-0.008231716955692667
DNK,1996,-0.008119212216249278
DNK,1997,-0.008412066419811159
DNK,1998,-0.008962372861375387
DNK,1999,-0.009594331818128042
DNK,2000,-0.009135256947660982
DNK,2001,-0.008803928609564613
DNK,2002,-0.008899560659283842
DNK,2003,-0.009017692140958709
DNK,2004,-0.009092731551149888
DNK,2005,-0.008740477407306681
DNK,2006,-0.007899974698452635
DNK,2007,-0.008257280367325101
DNK,2008,-0.0077833144748123495
DNK,2009,-0.00758575358942797
DNK,2010,-0.007452550186833265
DNK,2011,-0.006985001926122082
DNK,2012,-0.007257457347885141
DNK,2013,-0.007543004767900639
DNK,2014,-0.007686057746186583
DNK,2015,-0.00819785938778255
DNK,2016,-0.007919163123722452
DNK,2017,-0.008134539099317993
DNK,2018,-0.008383372557135458
DNK,2019,-0.008346480225949247
DNK,2020,-0.008098870553097716
DNK,2021,-0.007523076513896713
DNK,2022,-0.007238523863082358
DNK,2023,-0.007118431633550857
DOM,1995,-0.09607280196798748
DOM,1996,-0.09746155867244889
DOM,1997,-0.0974945617010286
DOM,1998,-0.10069094983218081
DOM,1999,-0.10610120683515481
DOM,2000,-0.10157357002998622
DOM,2001,-0.10007980446162776
DOM,2002,-0.1035511668733616
DOM,2003,-0.10390099525531975
DOM,2004,-0.10479064644131514
DOM,2005,-0.10008952041348207
DOM,2006,-0.09398615418838598
DOM,2007,-0.10114437937025364
DOM,2008,-0.09848676440755781
DOM,2009,-0.09180464251317709
DOM,2010,-0.08980236874778616
DOM,2011,-0.08826362898960594
DOM,2012,-0.09118569614251261
DOM,2013,-0.09430046166940724
DOM,2014,-0.09471470096165421
DOM,2015,-0.09689581578212078
DOM,2016,-0.09147166708506331
DOM,2017,-0.09395932289146397
DOM,2018,-0.0987108784365717
DOM,2019,-0.0980716814719815
DOM,2020,-0.09763467786340714
DOM,2021,-0.09426953303334633
DOM,2022,-0.09467624812715127
DOM,2023,-0.09038842707506146
DZA,1995,-1.7679557752345472
DZA,1996,-1.7388115827361263
DZA,1997,-1.7338910984630511
DZA,1998,-1.772353803785202
DZA,1999,-1.8229544122469201
DZA,2000,-1.5337129925200126
DZA,2001,-1.4914939209288502
DZA,2002,-1.6217296872587892
DZA,2003,-1.5281265210632402
DZA,2004,-1.516222234720903
DZA,2005,-1.3443809468241492
DZA,2006,-1.2171478190966671
DZA,2007,-1.2407570728702613
DZA,2008,-1.0621833283369728
DZA,2009,-1.2373260704210205
DZA,2010,-1.2782100717569935
DZA,2011,-1.2146245832831268
DZA,2012,-1.1695442688372204
DZA,2013,-1.1546453461318977
DZA,2014,-1.2239750529117313
DZA,2015,-1.3607779919558167
DZA,2016,-1.5333763613148914
DZA,2017,-1.442127193233946
DZA,2018,-1.3231848249459277
DZA,2019,-1.5358871068780733
DZA,2020,-1.7156083310528085
DZA,2021,-1.003936578059553
DZA,2022,-0.6002905078903629
DZA,2023,-1.1222993369880374
ECU,1995,-1.728514691524554
ECU,1996,-1.5507279984587854
ECU,1997,-1.5646285561809221
ECU,1998,-1.8795899522669384
ECU,1999,-1.56008861975914
ECU,2000,-1.1341668742914375
ECU,2001,-1.235954209209749
ECU,2002,-1.2033811460576043
ECU,2003,-1.1132022550956155
ECU,2004,-0.9266509248108866
ECU,2005,-0.6332058609800575
ECU,2006,-0.48374375617055315
ECU,2007,-0.44516234287424133
ECU,2008,-0.2267449914503533
ECU,2009,-0.586430478491368
ECU,2010,-0.3909547842025554
ECU,2011,-0.2334781274862986
ECU,2012,-0.2177740189722014
ECU,2013,-0.22219180783799605
ECU,2014,-0.28228404557293274
ECU,2015,-0.7825444425847683
ECU,2016,-0.9029573393242472
ECU,2017,-0.7400159187860764
ECU,2018,-0.5433153639679008
ECU,2019,-0.620638003118491
ECU,2020,-0.9747309257632505
ECU,2021,-0.5999924652030074
ECU,2022,-0.3504156795796012
ECU,2023,-0.4947082895827319
EGY,1995,0.018913499179360464
EGY,1996,0.01781121199124522
EGY,1997,0.01854803367074949
EGY,1998,0.01773840759271495
EGY,1999,0.017888180605742866
EGY,2000,0.01885370788081371
EGY,2001,0.018634375804539034
EGY,2002,0.01825862739146308
EGY,2003,0.018311879752235853
EGY,2004,0.019095102637338615
EGY,2005,0.019571566002832663
EGY,2006,0.021457068779997448
EGY,2007,0.021231945670476617
EGY,2008,0.020554626363836405
EGY,2009,0.018035272189109258
EGY,2010,0.019598710420444313
EGY,2011,0.019566026635309302
EGY,2012,0.01845323502972101
EGY,2013,0.017863167618531624
EGY,2014,0.018032345306876106
EGY,2015,0.017936492907469716
EGY,2016,0.017956583746752526
EGY,2017,0.019111558279905502
EGY,2018,0.019268882644117358
EGY,2019,0.018335249600211753
EGY,2020,0.018092617775229265
EGY,2021,0.019865824994215724
EGY,2022,0.01999295546018436
EGY,2023,0.01895690185050343
ESP,1995,0.0037461544020326197
ESP,1996,0.0038074858906752907
ESP,1997,0.0041912817402222765
ESP,1998,0.0039285083238922444
ESP,1999,0.003919754674241129
ESP,2000,0.0038932686012218463
ESP,2001,0.0035376126699184413
ESP,2002,0.003439967868211053
ESP,2003,0.003442189354385648
ESP,2004,0.0037500541148949504
ESP,2005,0.00418483985773898
ESP,2006,0.005386649791901302
ESP,2007,0.005293966842816104
ESP,2008,0.004772152018428638
ESP,2009,0.004632411954104699
ESP,2010,0.004862985683483606
ESP,2011,0.004737229205633276
ESP,2012,0.004607008597429585
ESP,2013,0.004524721135114625
ESP,2014,0.004622120972886655
ESP,2015,0.004611688819777992
ESP,2016,0.004816872738923212
ESP,2017,0.005209951001641014
ESP,2018,0.0051646843539544084
ESP,2019,0.005016326258285398
ESP,2020,0.004981502146189665
ESP,2021,0.00511039268257921
ESP,2022,0.005150043331714039
ESP,2023,0.004961651228499331
FIN,1995,0.04169768704179485
FIN,1996,0.04138727022366518
FIN,1997,0.0423049882558658
FIN,1998,0.038890164835488863
FIN,1999,0.04071973261728644
FIN,2000,0.04214081501610515
FIN,2001,0.03955480936960436
FIN,2002,0.040204116192928366
FIN,2003,0.042148842279720794
FIN,2004,0.044902368216370316
FIN,2005,0.04699807764454815
FIN,2006,0.054533505197315285
FIN,2007,0.05797819643675458
FIN,2008,0.05553595813519841
FIN,2009,0.049666850815729496
FIN,2010,0.05450816332694512
FIN,2011,0.05430888658016909
FIN,2012,0.05261162526796309
FIN,2013,0.05042760467014726
FIN,2014,0.05131957109059191
FIN,2015,0.05045555319994774
FIN,2016,0.050337545407756916
FIN,2017,0.051574947499968736
FIN,2018,0.05255409243679588
FIN,2019,0.05187909214916652
FIN,2020,0.05232803475213541
FIN,2021,0.0554459372524675
FIN,2022,0.05644118898394186
FIN,2023,0.05330490733734629
FJI,1995,-0.5329995274758671
FJI,1996,-0.5406891700670194
FJI,1997,-0.5408744211791017
FJI,1998,-0.5585439974795988
FJI,1999,-0.5885289015948801
FJI,2000,-0.5634532498327621
FJI,2001,-0.5551974194751225
FJI,2002,-0.5744154637710885
FJI,2003,-0.5763518982563023
FJI,2004,-0.5812230392448057
FJI,2005,-0.5551624349832843
FJI,2006,-0.5212454982376693
FJI,2007,-0.5608840179546039
FJI,2008,-0.5461508087983685
FJI,2009,-0.5091199577156899
FJI,2010,-0.49795991774630594
FJI,2011,-0.48932791725898933
FJI,2012,-0.5055445502244335
FJI,2013,-0.5228632410720715
FJI,2014,-0.5252076799704825
FJI,2015,-0.5373136144518358
FJI,2016,-0.507231988685936
FJI,2017,-0.5210236279488222
FJI,2018,-0.5473792384427115
FJI,2019,-0.5438248551911474
FJI,2020,-0.5413443375539642
FJI,2021,-0.5226785040559663
FJI,2022,-0.5249824260341782
FJI,2023,-0.5012027937962896
FRA,1995,-0.004617471163550439
FRA,1996,-0.003109059851253662
FRA,1997,-0.0048845206444619775
FRA,1998,-0.006318494467012675
FRA,1999,-0.007467369303077943
FRA,2000,-0.0069767194072223706
FRA,2001,-0.006004586607292649
FRA,2002,-0.005151467767305455
FRA,2003,-0.0054907208762309725
FRA,2004,-0.005545037406399602
FRA,2005,-0.0058427151771421
FRA,2006,-0.003901814767319736
FRA,2007,-0.0027598588228527118
FRA,2008,-0.0011616328991935886
FRA,2009,-0.002785783740872265
FRA,2010,-0.0026586462322067714
FRA,2011,-5.303633524773683e-4
FRA,2012,-6.976275093483885e-4
FRA,2013,-0.0012223191988830308
FRA,2014,-0.002273816926993987
FRA,2015,-0.003699448086413923
FRA,2016,-0.0041987956262515384
FRA,2017,-0.0044710708344628146
FRA,2018,-0.00406343603273968
FRA,2019,-0.003975349443220915
FRA,2020,-0.0031651635094653023
FRA,2021,-0.0011457196625862557
FRA,2022,3.623121183471224e-4
FRA,2023,-8.210470791583452e-4
GHA,1995,-0.046284926858106555
GHA,1996,-0.04744059113665803
GHA,1997,-0.05033926728475095
GHA,1998,-0.0535931554778504
GHA,1999,-0.05488505528412111
GHA,2000,-0.054094513702220515
GHA,2001,-0.05529431249371084
GHA,2002,-0.05206373450989338
GHA,2003,-0.048834386555886046
GHA,2004,-0.04772488244934606
GHA,2005,-0.046427145920344935
GHA,2006,-0.0430614879302939
GHA,2007,-0.04278348775836986
GHA,2008,-0.04214401437474544
GHA,2009,-0.04468542614099598
GHA,2010,-0.03807977620065291
GHA,2011,-0.036197995637117474
GHA,2012,-0.03999591353941097
GHA,2013,-0.042009109991318364
GHA,2014,-0.04576650185855937
GHA,2015,-0.047027357292581895
GHA,2016,-0.046360360682748125
GHA,2017,-0.04436240287395327
GHA,2018,-0.04750382750253543
GHA,2019,-0.04673685555221934
GHA,2020,-0.045996576920316716
GHA,2021,-0.045234951368380474
GHA,2022,-0.04747217226886835
GHA,2023,-0.048659836507120545
GRC,1995,-0.021900217521143794
GRC,1996,-0.022786427469454616
GRC,1997,-0.0226293275110908
GRC,1998,-0.02343156358225238
GRC,1999,-0.024614656203771512
GRC,2000,-0.02404359085655566
GRC,2001,-0.025071392058749156
GRC,2002,-0.025153651012328537
GRC,2003,-0.02365311303877857
GRC,2004,-0.02409881027640723
GRC,2005,-0.024845524275435397
GRC,2006,-0.02473997842191149
GRC,2007,-0.024523113903705693
GRC,2008,-0.02392664269250654
GRC,2009,-0.024353568431690353
GRC,2010,-0.0217940974658176
GRC,2011,-0.020247371568414482
GRC,2012,-0.0231707316882791
GRC,2013,-0.023128561960907994
GRC,2014,-0.02361890348112817
GRC,2015,-0.02398165532739555
GRC,2016,-0.02341996789392655
GRC,2017,-0.02295148437258115
GRC,2018,-0.022702734796422867
GRC,2019,-0.023467353461062525
GRC,2020,-0.02372467930603687
GRC,2021,-0.02252180005437557
GRC,2022,-0.021568628120123366
GRC,2023,-0.023037092056519222
GTM,1995,-1.0624717429692732
GTM,1996,-1.07779684366096
GTM,1997,-1.084517952852671
GTM,1998,-1.1266332363421367
GTM,1999,-1.1856804851064644
GTM,2000,-1.1380571656367016
GTM,2001,-1.1261672308878383
GTM,2002,-1.1520303141653419
GTM,2003,-1.1467636584479641
GTM,2004,-1.1526657147207218
GTM,2005,-1.1018095469496283
GTM,2006,-1.0299348638529378
GTM,2007,-1.1000710896704444
GTM,2008,-1.0714548064785314
GTM,2009,-1.0094037998607184
GTM,2010,-0.9693010241714803
GTM,2011,-0.9490423193359305
GTM,2012,-0.9903616124419791
GTM,2013,-1.0268146564658684
GTM,2014,-1.0412099679533107
GTM,2015,-1.0658172278232272
GTM,2016,-1.009285367263565
GTM,2017,-1.0289476662890906
GTM,2018,-1.0860689213472798
GTM,2019,-1.0777999120478692
GTM,2020,-1.071655520217988
GTM,2021,-1.0376251855211052
GTM,2022,-1.0491108176580357
GTM,2023,-1.0073874669269205
GUY,1995,-0.5133855980128497
GUY,1996,-0.4641968395211938
GUY,1997,-0.5249760001752344
GUY,1998,-0.530873895089231
GUY,1999,-0.7957476719341496
GUY,2000,-0.9096305361720746
GUY,2001,-1.0019460459369873
GUY,2002,-0.9447499267827005
GUY,2003,-0.9709760122161821
GUY,2004,-0.8697640254967909
GUY,2005,-0.6434815867763969
GUY,2006,-0.5085050881452988
GUY,2007,-0.614875908774034
GUY,2008,0.025020468323397944
GUY,2009,0.04069531716514698
GUY,2010,-0.08539156550118715
GUY,2011,-0.060381238055381085
GUY,2012,-0.06514221013718816
GUY,2013,-0.21489252438073114
GUY,2014,-0.3825184067843646
GUY,2015,-0.4081823166704233
GUY,2016,-0.25687476338877263
GUY,2017,-0.32318766756672124
GUY,2018,-0.3925950658284523
GUY,2019,-0.3655181849889776
GUY,2020,-0.1751577046968754
GUY,2021,-0.3074689190501211
GUY,2022,-0.4297415314885343
GUY,2023,-0.10211473445278171
HND,1995,0.036639899400608605
HND,1996,0.025965263869480313
HND,1997,0.03082648700979937
HND,1998,0.04450294795609122
HND,1999,0.01379138495404331
HND,2000,-0.0037492255703298113
HND,2001,-0.005037223413643017
HND,2002,0.016004017978746055
HND,2003,0.022028996435053235
HND,2004,0.0200853329448316
HND,2005,0.015143224880178064
HND,2006,0.026042722650943192
HND,2007,0.047159629431662235
HND,2008,0.06015439253603442
HND,2009,0.04749263826932397
HND,2010,0.06154794239668911
HND,2011,0.07184452008084771
HND,2012,0.06139944188692466
HND,2013,0.047615494806736616
HND,2014,0.0456725897179187
HND,2015,0.03546683440539106
HND,2016,0.048919151486841075
HND,2017,0.04610252507848621
HND,2018,0.029037412118815484
HND,2019,0.02718544749042318
HND,2020,0.04291763788741274
HND,2021,0.0646472901375366
HND,2022,0.06754754286151447
HND,2023,0.0493097206599203
HUN,1995,0.010864187891856662
HUN,1996,0.021399815020815924
HUN,1997,0.010532410912795545
HUN,1998,0.004916107195702505
HUN,1999,7.232431515131386e-4
HUN,2000,0.0011466153202863284
HUN,2001,0.0049319187824828584
HUN,2002,0.010599350392984043
HUN,2003,0.009649898574849422
HUN,2004,0.009593956826447675
HUN,2005,0.004876721931685908
HUN,2006,0.012941647616474414
HUN,2007,0.02249405034096396
HUN,2008,0.031042978776815697
HUN,2009,0.019950966429742
HUN,2010,0.021122949227163387
HUN,2011,0.03354368392063868
HUN,2012,0.03420274747193914
HUN,2013,0.03106918252575117
HUN,2014,0.023092108625814307
HUN,2015,0.018279294024428707
HUN,2016,0.014728982356193191
HUN,2017,0.013441041973016054
HUN,2018,0.01636362980871397
HUN,2019,0.01740200642671287
HUN,2020,0.019929265505172218
HUN,2021,0.03138682682396897
HUN,2022,0.03885482812827738
HUN,2023,0.030415327310512594
IDN,1995,-0.6846491243287207
IDN,1996,-0.7100180978169904
IDN,1997,-0.7257120016754457
IDN,1998,-0.7523434451935355
IDN,1999,-0.8670897266138038
IDN,2000,-0.8269262263056073
IDN,2001,-0.7773092762495727
IDN,2002,-0.7885816435109112
IDN,2003,-0.7214401343222928
IDN,2004,-0.5393702580422103
IDN,2005,-0.5368615325621076
IDN,2006,-0.4519409320504727
IDN,2007,-0.31284108147144357
IDN,2008,-0.07120718348160177
IDN,2009,-0.3321198524975044
IDN,2010,-0.183569379324379
IDN,2011,-0.09306251725475126
IDN,2012,-0.19308013987207334
IDN,2013,-0.26606064450394734
IDN,2014,-0.3544274933996354
IDN,2015,-0.4532416992713598
IDN,2016,-0.4295276501607644
IDN,2017,-0.3238297674571451
IDN,2018,-0.3184724334529093
IDN,2019,-0.46706742362063164
IDN,2020,-0.5306166255740783
IDN,2021,-0.05427334567957611
IDN,2022,0.27058949543048383
IDN,2023,-0.1379514330198871
IND,1995,0.03426027618661134
IND,1996,0.03649356560690163
IND,1997,0.03546635840408722
IND,1998,0.03658571219433885
IND,1999,0.031892867745815186
IND,2000,0.02714559059597345
IND,2001,0.02432402416572596
IND,2002,0.026980850898202416
IND,2003,0.026234390311226676
IND,2004,0.029079092797643515
IND,2005,0.03286095946327515
IND,2006,0.0338912216308087
IND,2007,0.03424155689491696
IND,2008,0.049370948291981145
IND,2009,0.04764150018695237
IND,2010,0.043601223489132625
IND,2011,0.043427145000539576
IND,2012,0.044406993158245985
IND,2013,0.042060805247976826
IND,2014,0.03823800255634293
IND,2015,0.038692639352754125
IND,2016,0.04035674580032811
IND,2017,0.03951301704969172
IND,2018,0.03970020719413842
IND,2019,0.04003003081493736
IND,2020,0.044571709892566064
IND,2021,0.03945656013768572
IND,2022,0.03641411342150309
IND,2023,0.04345332370482657
IRN,1995,-0.05682946767979093
IRN,1996,-0.056432921396356396
IRN,1997,-0.05612040811171851
IRN,1998,-0.05843733822393152
IRN,1999,-0.06045292193049744
IRN,2000,-0.048998786612956015
IRN,2001,-0.047711995169974514
IRN,2002,-0.05265195492167998
IRN,2003,-0.04884886912406917
IRN,2004,-0.0471141121470283
IRN,2005,-0.039914162831912355
IRN,2006,-0.033284926024873915
IRN,2007,-0.03418701458192258
IRN,2008,-0.027719939889042047
IRN,2009,-0.035101169353050424
IRN,2010,-0.03557591447026195
IRN,2011,-0.03299671442281203
IRN,2012,-0.03158647223181143
IRN,2013,-0.03126523320394973
IRN,2014,-0.03405785224319548
IRN,2015,-0.03961688309323404
IRN,2016,-0.04642495245306475
IRN,2017,-0.04233047060335703
IRN,2018,-0.03778601600135601
IRN,2019,-0.04603783583515867
IRN,2020,-0.05271997603803514
IRN,2021,-0.024791703231489704
IRN,2022,-0.009875435517422364
IRN,2023,-0.0297020618685744
ISL,1995,0.8152914827876577
ISL,1996,0.7677759306661861
ISL,1997,0.7995376070189507
ISL,1998,0.76463760044667906
ISL,1999,0.7710937649414203
ISL,2000,0.8127140995130082
ISL,2001,0.8032594992831357
ISL,2002,0.7870623652707205
ISL,2003,0.7893578789546059
ISL,2004,0.8231197408550991
ISL,2005,0.8436583265532731
ISL,2006,0.9249354260691811
ISL,2007,0.9152311956657824
ISL,2008,0.8860344480626728
ISL,2009,0.7774343428519973
ISL,2010,0.8448284226985787
ISL,2011,0.843419544764721
ISL,2012,0.795451185787352
ISL,2013,0.7700155469322083
ISL,2014,0.7773081757089858
ISL,2015,0.7731763308240335
ISL,2016,0.774042373114463
ISL,2017,0.8238290831667122
ISL,2018,0.8306107586758575
ISL,2019,0.7903652672664201
ISL,2020,0.779906300446715
ISL,2021,0.8563427508966066
ISL,2022,0.861822878350767
ISL,2023,0.8171624125282373
ISR,1995,0.003525354051945572
ISR,1996,0.00422182983857483
ISR,1997,0.005157546309215493
ISR,1998,0.0064977465496785574
ISR,1999,0.005738365850363692
ISR,2000,0.004397691856157496
ISR,2001,0.005014731263022108
ISR,2002,0.006133546404444259
ISR,2003,0.006298897351242766
ISR,2004,0.008635175787911899
ISR,2005,0.012961389464614647
ISR,2006,0.01509116437756463
ISR,2007,0.022009606013958998
ISR,2008,0.04717301669955853
ISR,2009,0.03853052390650273
ISR,2010,0.03340018281209343
ISR,2011,0.035596720094682725
ISR,2012,0.037586761915857705
ISR,2013,0.032353989405151155
ISR,2014,0.02754822281974678
ISR,2015,0.030416926244031407
ISR,2016,0.025637550690015137
ISR,2017,0.021291992134777397
ISR,2018,0.0221798756034301
ISR,2019,0.023078063268435232
ISR,2020,0.022404293803255093
ISR,2021,0.04385538761383994
ISR,2022,0.05429612206886627
ISR,2023,0.03421287466688722
ITA,1995,0.0014317995437920581
ITA,1996,0.0015162926809770471
ITA,1997,0.0015332957000918656
ITA,1998,0.0015559817683466093
ITA,1999,0.0014349359357464656
ITA,2000,0.0013260694182489748
ITA,2001,0.0012723665125136724
ITA,2002,0.0013158829158088695
ITA,2003,0.0012809105386575976
ITA,2004,0.0013386593453300823
ITA,2005,0.0014212110114028992
ITA,2006,0.001452215902208244
ITA,2007,0.0014706810587155183
ITA,2008,0.001812817190144786
ITA,2009,0.0018215817588157028
ITA,2010,0.0017277373138580578
ITA,2011,0.0017091941311721205
ITA,2012,0.0017241616299620973
ITA,2013,0.0016855737537860129
ITA,2014,0.001619697976094143
ITA,2015,0.0016474536110196714
ITA,2016,0.0016882441826559559
ITA,2017,0.0016549345509862359
ITA,2018,0.001660058622226805
ITA,2019,0.0016597866854958744
ITA,2020,0.0017541845567892761
ITA,2021,0.0016068309196079977
ITA,2022,0.0015291364685691648
ITA,2023,0.0017273882968321984
JOR,1995,0.04718009238768987
JOR,1996,0.053065387614042156
JOR,1997,0.06506124693804374
JOR,1998,0.08013071261992284
JOR,1999,0.0800750253092649
JOR,2000,0.07335942088977575
JOR,2001,0.08415308595349785
JOR,2002,0.09255107553328598
JOR,2003,0.08443941783303559
JOR,2004,0.10435404765381262
JOR,2005,0.15706344859595395
JOR,2006,0.1865548198921832
JOR,2007,0.23068565118802956
JOR,2008,0.4878804992780602
JOR,2009,0.48065819830331497
JOR,2010,0.3660588843080709
JOR,2011,0.38407499644754595
JOR,2012,0.4257661935272863
JOR,2013,0.3723292981481203
JOR,2014,0.3048554230704199
JOR,2015,0.3361941043417575
JOR,2016,0.2950062898381932
JOR,2017,0.23870286612271308
JOR,2018,0.2346598735054093
JOR,2019,0.2687115512519499
JOR,2020,0.2602885457405842
JOR,2021,0.48574738334492096
JOR,2022,0.6028474914671915
JOR,2023,0.3731051880561459
KAZ,1995,-2.625992694657394
KAZ,1996,-2.3370563877131945
KAZ,1997,-2.369239213876357
KAZ,1998,-2.945154374906931
KAZ,1999,-2.4156082030288095
KAZ,2000,-1.6745066430304025
KAZ,2001,-1.84368528091053
KAZ,2002,-1.7846843872727716
KAZ,2003,-1.6265524218515397
KAZ,2004,-1.252486271933713
KAZ,2005,-0.7398497452795231
KAZ,2006,-0.4169481205450677
KAZ,2007,-0.332134894328407
KAZ,2008,0.05528836471297994
KAZ,2009,-0.6116421557604899
KAZ,2010,-0.23779439726440826
KAZ,2011,0.05272752441421512
KAZ,2012,0.06187838925603574
KAZ,2013,0.04348221606692771
KAZ,2014,-0.07239498283091883
KAZ,2015,-0.9482806930714593
KAZ,2016,-1.1673694293842483
KAZ,2017,-0.8629816637134672
KAZ,2018,-0.5158608781902864
KAZ,2019,-0.6622128593064193
KAZ,2020,-1.256649065813168
KAZ,2021,-0.5589545217065804
KAZ,2022,-0.11132630443909088
KAZ,2023,-0.3867924342036829
KHM,1995,-0.6932520275314908
KHM,1996,-0.7105614770355945
KHM,1997,-0.7539776224900976
KHM,1998,-0.8027141062733032
KHM,1999,-0.8220640808948544
KHM,2000,-0.8102234106874528
KHM,2001,-0.8281939034869855
KHM,2002,-0.7798065582018585
KHM,2003,-0.7314376362073723
KHM,2004,-0.7148195701624295
KHM,2005,-0.6953821735626736
KHM,2006,-0.6449716104708625
KHM,2007,-0.6408077455601268
KHM,2008,-0.6312297630538758
KHM,2009,-0.6692948304384858
KHM,2010,-0.5703559204053148
KHM,2011,-0.5421707577704125
KHM,2012,-0.5990556761421041
KHM,2013,-0.6292091757119012
KHM,2014,-0.6854870982887399
KHM,2015,-0.7043720927220221
KHM,2016,-0.6943818694784716
KHM,2017,-0.6644566131176782
KHM,2018,-0.7115086263957442
KHM,2019,-0.7000209802934519
KHM,2020,-0.6889331446341664
KHM,2021,-0.6775255764701668
KHM,2022,-0.711034496772747
KHM,2023,-0.7288232391795155
KOR,1995,5.33875418012823e-4
KOR,1996,5.437632133440451e-4
KOR,1997,5.351078381219405e-4
KOR,1998,5.751627607212633e-4
KOR,1999,5.125536997550872e-4
KOR,2000,3.901107756889787e-4
KOR,2001,3.9889623643048493e-4
KOR,2002,4.631242536094508e-4
KOR,2003,5.266321851175245e-4
KOR,2004,6.273008902929854e-4
KOR,2005,6.921995595140282e-4
KOR,2006,6.817208079525915e-4
KOR,2007,0.0011138005386117375
KOR,2008,0.001763336854151402
KOR,2009,8.246752813517148e-4
KOR,2010,0.0012099047662160708
KOR,2011,0.0012267909897745722
KOR,2012,0.0011675151975358647
KOR,2013,0.0010295932656307406
KOR,2014,0.0010824864717062083
KOR,2015,0.001146407372579589
KOR,2016,9.304320152124615e-4
KOR,2017,9.20024008665275e-4
KOR,2018,0.0010577972489018452
KOR,2019,8.514352285922261e-4
KOR,2020,8.838768044462178e-4
KOR,2021,0.0013786973293655278
KOR,2022,0.0015423783249738723
KOR,2023,0.001259716035764258
KWT,1995,-0.8368789572740045
KWT,1996,-0.8230832720140406
KWT,1997,-0.8207541132163959
KWT,1998,-0.8389608066047918
KWT,1999,-0.862913093783047
KWT,2000,-0.7259978716195322
KWT,2001,-0.7060130659444009
KWT,2002,-0.7676614249433815
KWT,2003,-0.7233534613502965
KWT,2004,-0.7177184523298109
KWT,2005,-0.6363757174909949
KWT,2006,-0.5761486865013994
KWT,2007,-0.587324355008968
KWT,2008,-0.5027947467376827
KWT,2009,-0.5857002568316568
KWT,2010,-0.6050530940951901
KWT,2011,-0.5749542884365993
KWT,2012,-0.5536150857961548
KWT,2013,-0.5465625367036967
KWT,2014,-0.5793804236275493
KWT,2015,-0.6441374173165146
KWT,2016,-0.7258385239843289
KWT,2017,-0.6826448481552085
KWT,2018,-0.6263423282941721
KWT,2019,-0.7270270096683767
KWT,2020,-0.8120997885207812
KWT,2021,-0.4752230844146816
KWT,2022,-0.28415331499913915
KWT,2023,-0.531251240582221
LBN,1995,0.016429091548312548
LBN,1996,0.01854897127561105
LBN,1997,0.016965507262953095
LBN,1998,0.015815863374717624
LBN,1999,0.015521797409346798
LBN,2000,0.014679779007873804
LBN,2001,0.015493588815052016
LBN,2002,0.015126272310725818
LBN,2003,0.015867676474674543
LBN,2004,0.020385520329629737
LBN,2005,0.021005337684260997
LBN,2006,0.0234027108086135
LBN,2007,0.029402239706542915
LBN,2008,0.026704843250636736
LBN,2009,0.02545924996015677
LBN,2010,0.027227328705182297
LBN,2011,0.027287517402841358
LBN,2012,0.025929194738724116
LBN,2013,0.026308937256986395
LBN,2014,0.026241023271451107
LBN,2015,0.025692339153511993
LBN,2016,0.026479063522426526
LBN,2017,0.028193022552965526
LBN,2018,0.027449830656921408
LBN,2019,0.026582727608947178
LBN,2020,0.025883416498547026
LBN,2021,0.026603071593602704
LBN,2022,0.025714631184399473
LBN,2023,0.025923132719785674
LBY,1995,-0.35877607497251973
LBY,1996,-0.3518026302781299
LBY,1997,-0.3518965111529563
LBY,1998,-0.3612075269370128
LBY,1999,-0.37255393112344076
LBY,2000,-0.31157260212905463
LBY,2001,-0.3030245136614036
LBY,2002,-0.32954943171369605
LBY,2003,-0.30887983090144755
LBY,2004,-0.30561543218348153
LBY,2005,-0.2697547436288253
LBY,2006,-0.2439038938155118
LBY,2007,-0.24739012556785775
LBY,2008,-0.2088893097294414
LBY,2009,-0.24774643075760105
LBY,2010,-0.2555402431495542
LBY,2011,-0.24153055064718298
LBY,2012,-0.23233322827522487
LBY,2013,-0.2300778823750994
LBY,2014,-0.2445827359563375
LBY,2015,-0.27241173311956496
LBY,2016,-0.30908531312323123
LBY,2017,-0.29022186711592085
LBY,2018,-0.2655044711968923
LBY,2019,-0.3087137823696522
LBY,2020,-0.34551121366284154
LBY,2021,-0.19767122737739623
LBY,2022,-0.11412044479872235
LBY,2023,-0.22343316300292537
LTU,1995,NA
LTU,1996,NA
LTU,1997,NA
LTU,1998,NA
LTU,1999,NA
LTU,2000,NA
LTU,2001,NA
LTU,2002,NA
LTU,2003,NA
LTU,2004,NA
LTU,2005,NA
LTU,2006,NA
LTU,2007,NA
LTU,2008,NA
LTU,2009,NA
LTU,2010,NA
LTU,2011,NA
LTU,2012,NA
LTU,2013,NA
LTU,2014,NA
LTU,2015,NA
LTU,2016,NA
LTU,2017,NA
LTU,2018,NA
LTU,2019,NA
LTU,2020,NA
LTU,2021,NA
LTU,2022,NA
LTU,2023,NA
LVA,1995,NA
LVA,1996,NA
LVA,1997,NA
LVA,1998,NA
LVA,1999,NA
LVA,2000,NA
LVA,2001,NA
LVA,2002,NA
LVA,2003,NA
LVA,2004,NA
LVA,2005,NA
LVA,2006,NA
LVA,2007,NA
LVA,2008,NA
LVA,2009,NA
LVA,2010,NA
LVA,2011,NA
LVA,2012,NA
LVA,2013,NA
LVA,2014,NA
LVA,2015,NA
LVA,2016,NA
LVA,2017,NA
LVA,2018,NA
LVA,2019,NA
LVA,2020,NA
LVA,2021,NA
LVA,2022,NA
LVA,2023,NA
MAR,1995,-0.036469057041247054
MAR,1996,-0.034323441519036324
MAR,1997,-0.03348021384378217
MAR,1998,-0.027936853921674665
MAR,1999,-0.018765556571363164
MAR,2000,-0.025185876720029778
MAR,2001,-0.023287458650096068
MAR,2002,-0.018195909927596426
MAR,2003,-0.016291951196349415
MAR,2004,-0.011417090535731386
MAR,2005,-0.008241048129385102
MAR,2006,-0.007883707587700883
MAR,2007,0.026035752102072894
MAR,2008,0.13633186201498373
MAR,2009,0.07357391167647861
MAR,2010,0.06441985219210704
MAR,2011,0.08322341684949967
MAR,2012,0.08469354817208491
MAR,2013,0.0569793156171673
MAR,2014,0.053882092600477445
MAR,2015,0.06617714263155328
MAR,2016,0.05047740389470674
MAR,2017,0.03847967330959738
MAR,2018,0.04389111272218185
MAR,2019,0.03166572060382097
MAR,2020,0.02914591455040979
MAR,2021,0.0793106898157488
MAR,2022,0.12109753116266246
MAR,2023,0.1129637362680897
MEX,1995,-0.34809289401159643
MEX,1996,-0.3155621308052888
MEX,1997,-0.31778059693261174
MEX,1998,-0.3730598685785577
MEX,1999,-0.3156208704327208
MEX,2000,-0.23877700619681747
MEX,2001,-0.2585245158149912
MEX,2002,-0.2520286158976196
MEX,2003,-0.23557984098693377
MEX,2004,-0.19855757307751637
MEX,2005,-0.14428191151205466
MEX,2006,-0.11086590099268188
MEX,2007,-0.10291227005746238
MEX,2008,-0.0636588237468145
MEX,2009,-0.1284562055461383
MEX,2010,-0.08926294960629691
MEX,2011,-0.0553399732739507
MEX,2012,-0.05404643074495255
MEX,2013,-0.05799462695454986
MEX,2014,-0.07120446057349811
MEX,2015,-0.1630415121989022
MEX,2016,-0.18325528195255825
MEX,2017,-0.15374476389920408
MEX,2018,-0.11965587276867436
MEX,2019,-0.13318324735415962
MEX,2020,-0.19451649251984862
MEX,2021,-0.12515028646834253
MEX,2022,-0.08226171726984623
MEX,2023,-0.10753778167258712
MKD,1995,0.11071240606857743
MKD,1996,0.11644462082100553
MKD,1997,0.12319064867706712
MKD,1998,0.1227613432121306
MKD,1999,0.12020537745712359
MKD,2000,0.11990106289515473
MKD,2001,0.12156802962389522
MKD,2002,0.11881418518973004
MKD,2003,0.11576774658805972
MKD,2004,0.11469265751193951
MKD,2005,0.11423379143041788
MKD,2006,0.11553903972559988
MKD,2007,0.11731338665491034
MKD,2008,0.11747416628293197
MKD,2009,0.12549619711062648
MKD,2010,0.12503715119818964
MKD,2011,0.12258215266296668
MKD,2012,0.12138488421567926
MKD,2013,0.1237899663939175
MKD,2014,0.12720455874190298
MKD,2015,0.1301441985523189
MKD,2016,0.1306923409649293
MKD,2017,0.12829354683496536
MKD,2018,0.12844517003078032
MKD,2019,0.12715033909105053
MKD,2020,0.12580334245324185
MKD,2021,0.1204284466401152
MKD,2022,0.11890262673799903
MKD,2023,0.1255386835933354
MMR,1995,-0.28860879781355
MMR,1996,-0.2898180528834171
MMR,1997,-0.32424081633058
MMR,1998,-0.34806484852388225
MMR,1999,-0.38319851917239156
MMR,2000,-0.40041472765274466
MMR,2001,-0.4266345271267968
MMR,2002,-0.3822656106945424
MMR,2003,-0.35540864981297315
MMR,2004,-0.33012163109798204
MMR,2005,-0.29849728719405166
MMR,2006,-0.26286035846587297
MMR,2007,-0.2591807742567065
MMR,2008,-0.17509284611098613
MMR,2009,-0.2103674216328354
MMR,2010,-0.17064359009855565
MMR,2011,-0.15338386398809012
MMR,2012,-0.1826156587785838
MMR,2013,-0.21410180373491627
MMR,2014,-0.26957881650390025
MMR,2015,-0.27988880611971645
MMR,2016,-0.26538161538732025
MMR,2017,-0.2505455913016754
MMR,2018,-0.27838630493614414
MMR,2019,-0.26916516666671236
MMR,2020,-0.23837148832388827
MMR,2021,-0.2558191413730171
MMR,2022,-0.29145724624611924
MMR,2023,-0.2684333625390509
MUS,1995,-0.9184728350899156
MUS,1996,-0.9317495927306664
MUS,1997,-0.9320651074716256
MUS,1998,-0.9626231385556504
MUS,1999,-1.0143461443002146
MUS,2000,-0.9710611424316702
MUS,2001,-0.9567804816366716
MUS,2002,-0.989967315065264
MUS,2003,-0.9933117357461461
MUS,2004,-1.0018169571022857
MUS,2005,-0.9568733678402842
MUS,2006,-0.8985241163817501
MUS,2007,-0.9669580044575112
MUS,2008,-0.9415507393485164
MUS,2009,-0.8776684821953078
MUS,2010,-0.8585263938596565
MUS,2011,-0.8438157719228434
MUS,2012,-0.8717512463472034
MUS,2013,-0.9015289510203793
MUS,2014,-0.9054891512993563
MUS,2015,-0.9263409914848656
MUS,2016,-0.8744851787086786
MUS,2017,-0.8982676044777743
MUS,2018,-0.9436933087687401
MUS,2019,-0.9375824736913614
MUS,2020,-0.9334046425561192
MUS,2021,-0.9012332678356858
MUS,2022,-0.905121535458039
MUS,2023,-0.8641292142453881
MWI,1995,0.4790532444698579
MWI,1996,0.5104190648306659
MWI,1997,0.553614327097455
MWI,1998,0.5423128321090782
MWI,1999,0.5136842553586611
MWI,2000,0.5210540946300144
MWI,2001,0.5304607105327656
MWI,2002,0.5079299058954589
MWI,2003,0.49379736719790596
MWI,2004,0.4841346901077872
MWI,2005,0.485848078341639
MWI,2006,0.5047082465647897
MWI,2007,0.5061271247939856
MWI,2008,0.5122299133829041
MWI,2009,0.5719683578625537
MWI,2010,0.5828310171005981
MWI,2011,0.5750845863329213
MWI,2012,0.551971614822439
MWI,2013,0.5625114495793502
MWI,2014,0.5814500794711781
MWI,2015,0.5954880034345283
MWI,2016,0.6091572696682971
MWI,2017,0.5921579749427244
MWI,2018,0.5858893372743429
MWI,2019,0.5761343430646103
MWI,2020,0.5671212494000994
MWI,2021,0.5422061928764662
MWI,2022,0.5345507661238696
MWI,2023,0.5779777296037004
MYS,1995,-1.592261738475305
MYS,1996,-1.5556380161041754
MYS,1997,-1.5358672654744787
MYS,1998,-1.598127458084105
MYS,1999,-1.6715812036548343
MYS,2000,-1.361388020992911
MYS,2001,-1.3729871971024445
MYS,2002,-1.377043478787113
MYS,2003,-1.219782409580242
MYS,2004,-1.1418218627915642
MYS,2005,-0.9239136606852529
MYS,2006,-0.712787811986761
MYS,2007,-0.5795713967781142
MYS,2008,-0.27445273938269177
MYS,2009,-0.6646728906880736
MYS,2010,-0.5727162005509865
MYS,2011,-0.40832799700355515
MYS,2012,-0.4110240131842595
MYS,2013,-0.4580389488228374
MYS,2014,-0.5492011850669608
MYS,2015,-0.8846204484560721
MYS,2016,-1.034809547331126
MYS,2017,-0.8970809799000825
MYS,2018,-0.7972452290765616
MYS,2019,-1.0551421698335526
MYS,2020,-1.261186118746861
MYS,2021,-0.31823971116440103
MYS,2022,0.1692926319091912
MYS,2023,-0.5246960497340432
NGA,1995,-0.7939327763753798
NGA,1996,-0.780845045341825
NGA,1997,-0.7786354121627848
NGA,1998,-0.7959077912862231
NGA,1999,-0.818630917127403
NGA,2000,-0.6887417837999162
NGA,2001,-0.6697825399127689
NGA,2002,-0.7282672853991125
NGA,2003,-0.6862330769329535
NGA,2004,-0.6808872400975919
NGA,2005,-0.6037187765495199
NGA,2006,-0.5465824206753453
NGA,2007,-0.557184586554825
NGA,2008,-0.4769927905998312
NGA,2009,-0.5556438323468103
NGA,2010,-0.5740035385932504
NGA,2011,-0.5454493156265903
NGA,2012,-0.5252051784658825
NGA,2013,-0.518514545569893
NGA,2014,-0.5496483145023777
NGA,2015,-0.6110821686366381
NGA,2016,-0.6885906134193897
NGA,2017,-0.647613510727532
NGA,2018,-0.5942002715467944
NGA,2019,-0.6897181094934839
NGA,2020,-0.7704252021037048
NGA,2021,-0.4508360253626123
NGA,2022,-0.26957139779017125
NGA,2023,-0.5039889803923129
NIC,1995,-1.1803527803596596
NIC,1996,-1.1974150789891964
NIC,1997,-1.1978205550005794
NIC,1998,-1.2370914572791585
NIC,1999,-1.3035620063326623
NIC,2000,-1.2479353504845252
NIC,2001,-1.2295829104005465
NIC,2002,-1.2722321533745504
NIC,2003,-1.276530153379074
NIC,2004,-1.2874604294762555
NIC,2005,-1.2297022808212084
NIC,2006,-1.154716175016301
NIC,2007,-1.2426623036060906
NIC,2008,-1.2100107815719077
NIC,2009,-1.1279140695455157
NIC,2010,-1.1033140853917498
NIC,2011,-1.084409091318368
NIC,2012,-1.1203096793899046
NIC,2013,-1.1585777643684563
NIC,2014,-1.163667118382518
NIC,2015,-1.1904643480862922
NIC,2016,-1.1238231253415931
NIC,2017,-1.15438652505009
NIC,2018,-1.212764251980237
NIC,2019,-1.204911062535394
NIC,2020,-1.1995420255775688
NIC,2021,-1.1581977743939846
NIC,2022,-1.1631946859230857
NIC,2023,-1.1105144122468242
NLD,1995,0.0020062082059798614
NLD,1996,0.003139582224309772
NLD,1997,0.001960685814930987
NLD,1998,4.814077040379348e-4
NLD,1999,-7.930723284648945e-4
NLD,2000,0.0012094815353023947
NLD,2001,0.0011938675491244169
NLD,2002,0.0013015327393730998
NLD,2003,0.003192489744594447
NLD,2004,0.0043332212693544415
NLD,2005,0.005471212808987576
NLD,2006,0.0054284493991821415
NLD,2007,0.007880935906344621
NLD,2008,0.011802011271940086
NLD,2009,0.006054890967761507
NLD,2010,0.00755049281810491
NLD,2011,0.008737283476021441
NLD,2012,0.008625702534490486
NLD,2013,0.007467990230995675
NLD,2014,0.007164453944767075
NLD,2015,0.007304210401028852
NLD,2016,0.005097470515799277
NLD,2017,0.00540214478687573
NLD,2018,0.006308101040334362
NLD,2019,0.0058362150046335345
NLD,2020,0.005641459118530401
NLD,2021,0.010196109227048474
NLD,2022,0.012173139642981886
NLD,2023,0.008106677917658253
NOR,1995,-1.73666995347858
NOR,1996,-1.6447777229068685
NOR,1997,-1.6448509471978248
NOR,1998,-1.8149626814619773
NOR,1999,-1.704473452040736
NOR,2000,-1.327099368233368
NOR,2001,-1.3499835795187816
NOR,2002,-1.4166463080640426
NOR,2003,-1.3125562831329531
NOR,2004,-1.213287868515259
NOR,2005,-0.9699655662185834
NOR,2006,-0.8085150411641419
NOR,2007,-0.7957204380480462
NOR,2008,-0.5906024330147033
NOR,2009,-0.8852315413648636
NOR,2010,-0.8063897855683647
NOR,2011,-0.6974776320888734
NOR,2012,-0.6717722407060553
NOR,2013,-0.6697838203993983
NOR,2014,-0.738785549117325
NOR,2015,-1.0496245069491388
NOR,2016,-1.2149441851744134
NOR,2017,-1.0796988496234676
NOR,2018,-0.9155645229789986
NOR,2019,-1.0858846443938526
NOR,2020,-1.3535986933512645
NOR,2021,-0.7259124917744255
NOR,2022,-0.36044071427120367
NOR,2023,-0.7604477329574735
NZL,1995,0.04726814481308102
NZL,1996,0.04526899153461184
NZL,1997,0.04539799353283082
NZL,1998,0.04183366438487469
NZL,1999,0.04073461685625314
NZL,2000,0.04340930991398856
NZL,2001,0.04501363390544704
NZL,2002,0.044367297903958304
NZL,2003,0.04584349623819167
NZL,2004,0.053162054835189765
NZL,2005,0.055270925410372436
NZL,2006,0.06327554484574165
NZL,2007,0.06687689546702258
NZL,2008,0.07192718901415483
NZL,2009,0.06331690966556539
NZL,2010,0.07286285823001613
NZL,2011,0.07545735650839522
NZL,2012,0.07157470717903092
NZL,2013,0.06737932934011014
NZL,2014,0.06442923078688953
NZL,2015,0.06268156653005404
NZL,2016,0.06553312548020228
NZL,2017,0.07006513874764052
NZL,2018,0.07077633040327364
NZL,2019,0.06893707314686956
NZL,2020,0.07048735709515329
NZL,2021,0.07906447548638204
NZL,2022,0.08354531915758279
NZL,2023,0.07789885370743281
PAK,1995,0.05893624342513254
PAK,1996,0.0630256451900336
PAK,1997,0.059580076164364865
PAK,1998,0.06218044028104753
PAK,1999,0.05200489639763423
PAK,2000,0.04133089624785891
PAK,2001,0.034678608829015786
PAK,2002,0.04113997449251519
PAK,2003,0.03996164215378316
PAK,2004,0.04656749556575599
PAK,2005,0.055187769544571406
PAK,2006,0.057297609325380326
PAK,2007,0.057793174451655674
PAK,2008,0.0919457249593031
PAK,2009,0.08670091153835395
PAK,2010,0.07764992499926704
PAK,2011,0.0776660534719943
PAK,2012,0.0800793208142401
PAK,2013,0.07437789028359125
PAK,2014,0.06517223931115484
PAK,2015,0.06570911160516028
PAK,2016,0.06937714718788562
PAK,2017,0.06787107158539381
PAK,2018,0.0682686750108655
PAK,2019,0.06922971764038535
PAK,2020,0.07971461631562604
PAK,2021,0.06905511183277496
PAK,2022,0.062436254776821916
PAK,2023,0.07723216363744728
PAN,1995,-0.01973337531776407
PAN,1996,-0.02001862625989158
PAN,1997,-0.020025405089448393
PAN,1998,-0.02068194393666855
PAN,1999,-0.021793211952363792
PAN,2000,-0.020863234325514884
PAN,2001,-0.020556414538922287
PAN,2002,-0.02126943316575018
PAN,2003,-0.021341287994760854
PAN,2004,-0.02152402255017635
PAN,2005,-0.02055841019763717
PAN,2006,-0.019304777390490375
PAN,2007,-0.020775078466646484
PAN,2008,-0.02022920375044473
PAN,2009,-0.018856694397539616
PAN,2010,-0.018445426911924516
PAN,2011,-0.018129369416540402
PAN,2012,-0.01872956267260086
PAN,2013,-0.019369336218390914
PAN,2014,-0.019454421062986144
PAN,2015,-0.019902422541882802
PAN,2016,-0.01878830116907157
PAN,2017,-0.019299266236016077
PAN,2018,-0.020275236822843108
PAN,2019,-0.020143945621318278
PAN,2020,-0.020054184980985455
PAN,2021,-0.019362983469528024
PAN,2022,-0.01944652284205644
PAN,2023,-0.018565803425290683
PER,1995,0.583286593333614
PER,1996,0.578401076842092
PER,1997,0.5553354694949056
PER,1998,0.5113983086705306
PER,1999,0.49469382941278517
PER,2000,0.5139099709796475
PER,2001,0.502796693045526
PER,2002,0.5496734667457586
PER,2003,0.5940058553392038
PER,2004,0.6611717418417098
PER,2005,0.7228319575429784
PER,2006,0.9029611848503751
PER,2007,0.9491228205437012
PER,2008,0.9798593905472259
PER,2009,0.9976616657954616
PER,2010,1.1255382015970485
PER,2011,1.1917138950793849
PER,2012,1.1909625534653037
PER,2013,1.1227971509890327
PER,2014,1.0726230349271333
PER,2015,1.0488449288387416
PER,2016,1.0906652884252241
PER,2017,1.1107684671603069
PER,2018,1.0913762086653522
PER,2019,1.1350811456909002
PER,2020,1.235059158213755
PER,2021,1.2453683832444247
PER,2022,1.1944081284900254
PER,2023,1.225705507845206
PHL,1995,0.07035434050642114
PHL,1996,0.06428669762065051
PHL,1997,0.0645193151525542
PHL,1998,0.056666921618831044
PHL,1999,0.05553137295325305
PHL,2000,0.0596806072582582
PHL,2001,0.056802151672680795
PHL,2002,0.05767565113492988
PHL,2003,0.060610168235413577
PHL,2004,0.07132880881513387
PHL,2005,0.07722507587399752
PHL,2006,0.09278410611211253
PHL,2007,0.09280536412675383
PHL,2008,0.09050108078199398
PHL,2009,0.08381099981832575
PHL,2010,0.09434198159286072
PHL,2011,0.09621581104524211
PHL,2012,0.09275110378081373
PHL,2013,0.09022392259747791
PHL,2014,0.08787529996183772
PHL,2015,0.08452231870219719
PHL,2016,0.08257504608637067
PHL,2017,0.08826416797845715
PHL,2018,0.08768116126208739
PHL,2019,0.08638767295974414
PHL,2020,0.08767522380416419
PHL,2021,0.095497389501267
PHL,2022,0.09170619056326004
PHL,2023,0.09114380732321038
PNG,1995,0.2551884813915585
PNG,1996,0.2309724295018446
PNG,1997,0.2417847742997219
PNG,1998,0.28031600882675656
PNG,1999,0.21425491850585532
PNG,2000,0.16253581388656305
PNG,2001,0.15595433074501175
PNG,2002,0.21604959577275498
PNG,2003,0.23302444028520078
PNG,2004,0.2304168266676379
PNG,2005,0.20972373884645654
PNG,2006,0.22638982724261864
PNG,2007,0.2924760824634865
PNG,2008,0.31975975609613133
PNG,2009,0.2744985563857065
PNG,2010,0.30827024678924025
PNG,2011,0.33158047878965735
PNG,2012,0.30972783618610433
PNG,2013,0.28077317915831645
PNG,2014,0.27512697336079067
PNG,2015,0.2535483680587045
PNG,2016,0.27665207613276876
PNG,2017,0.27534951432761956
PNG,2018,0.24094160584460927
PNG,2019,0.2354694854594194
PNG,2020,0.273835480124636
PNG,2021,0.3214002334523108
PNG,2022,0.3283738121090521
PNG,2023,0.2745288585266015
POL,1995,0.09322385026769807
POL,1996,0.08470373421558436
POL,1997,0.08723330879398924
POL,1998,0.07810052369272341
POL,1999,0.07655549735795017
POL,2000,0.0822844575739253
POL,2001,0.07642348305779864
POL,2002,0.0768399938403004
POL,2003,0.08013817818504498
POL,2004,0.1001777657937295
POL,2005,0.11046291649832729
POL,2006,0.14206680913600261
POL,2007,0.14294349172286505
POL,2008,0.13736942835881744
POL,2009,0.12848640015803267
POL,2010,0.14668325438470173
POL,2011,0.1547352832305456
POL,2012,0.14898508469310695
POL,2013,0.14224724087863472
POL,2014,0.1378076424490861
POL,2015,0.13185991515182333
POL,2016,0.1307857695316372
POL,2017,0.13922651720822532
POL,2018,0.13773378692124275
POL,2019,0.13577551847153538
POL,2020,0.14056285615875083
POL,2021,0.1541691380874918
POL,2022,0.14658615792799487
POL,2023,0.1467078669963359
PRY,1995,0.3808073093972058
PRY,1996,0.48733804711068973
PRY,1997,0.46752015279299414
PRY,1998,0.39369009071667943
PRY,1999,0.3121250709792446
PRY,2000,0.33855274418678916
PRY,2001,0.3255075604021761
PRY,2002,0.3765382792566763
PRY,2003,0.4490768782606103
PRY,2004,0.48469573027484736
PRY,2005,0.4099299447522966
PRY,2006,0.406610232189343
PRY,2007,0.5558433330779865
PRY,2008,0.6783350697003754
PRY,2009,0.5943640249688839
PRY,2010,0.6092754006628324
PRY,2011,0.6747318811083639
PRY,2012,0.7250144829409618
PRY,2013,0.6811067561654266
PRY,2014,0.6057362906648646
PRY,2015,0.5549312441344763
PRY,2016,0.5849396897398244
PRY,2017,0.5512101308381755
PRY,2018,0.5338301513098529
PRY,2019,0.5204380017785025
PRY,2020,0.5685575553424665
PRY,2021,0.7068639841653807
PRY,2022,0.7510112390308921
PRY,2023,0.692295452984456
QAT,1995,-39.599064475721505
QAT,1996,-38.89260027613511
QAT,1997,-38.83776291163018
QAT,1998,-39.77557974389127
QAT,1999,-40.963579938589426
QAT,2000,-34.36927411367337
QAT,2001,-33.424632598269696
QAT,2002,-36.34653907152569
QAT,2003,-34.165118699134
QAT,2004,-33.85546794800618
QAT,2005,-29.95642460650413
QAT,2006,-27.105053209404407
QAT,2007,-27.56771694518578
QAT,2008,-23.453306665214512
QAT,2009,-27.54422187246617
QAT,2010,-28.434459984154223
QAT,2011,-26.95419056805417
QAT,2012,-25.941985357303498
QAT,2013,-25.647211642872552
QAT,2014,-27.22215311030763
QAT,2015,-30.28970210806671
QAT,2016,-34.23911948817772
QAT,2017,-32.177761947497345
QAT,2018,-29.484260094354422
QAT,2019,-34.250696803369955
QAT,2020,-38.29266283950335
QAT,2021,-22.17920217575298
QAT,2022,-13.055230928686985
QAT,2023,-24.91863024257047
ROU,1995,0.0044775783295974364
ROU,1996,0.004263276481723037
ROU,1997,0.0041562004457133496
ROU,1998,0.003590400341510084
ROU,1999,0.004069880227030122
ROU,2000,0.004151344910967422
ROU,2001,0.004012575245370927
ROU,2002,0.003997257235027313
ROU,2003,0.0040490332729190585
ROU,2004,0.004070050339781416
ROU,2005,0.0042292877874997485
ROU,2006,0.004587644437806948
ROU,2007,0.004624554383620345
ROU,2008,0.004442803854395514
ROU,2009,0.004254382322154075
ROU,2010,0.004178442192348884
ROU,2011,0.004072359006258211
ROU,2012,0.00410452549172291
ROU,2013,0.003885186083857835
ROU,2014,0.0037073122454098673
ROU,2015,0.0036105545369858835
ROU,2016,0.00401282835546949
ROU,2017,0.0038316011786974995
ROU,2018,0.003750769573001845
ROU,2019,0.00384837047093156
ROU,2020,0.003948537629655479
ROU,2021,0.0035744651433310343
ROU,2022,0.0029130946701836206
ROU,2023,0.002799752161999269
RUS,1995,-0.8606512110467505
RUS,1996,-0.7968803094365553
RUS,1997,-0.8022375355547388
RUS,1998,-0.9268194087183779
RUS,1999,-0.8321900989302116
RUS,2000,-0.6213253972285703
RUS,2001,-0.6430560359339244
RUS,2002,-0.6612770039452268
RUS,2003,-0.6054322384187971
RUS,2004,-0.5136802306496319
RUS,2005,-0.3759333023484926
RUS,2006,-0.2850681720705354
RUS,2007,-0.258341815453569
RUS,2008,-0.12190782380111038
RUS,2009,-0.31345571278376166
RUS,2010,-0.2335474621929775
RUS,2011,-0.1606703265993681
RUS,2012,-0.157425391288187
RUS,2013,-0.16791906350536637
RUS,2014,-0.2106914883596615
RUS,2015,-0.4123620201746687
RUS,2016,-0.48683919220808086
RUS,2017,-0.4044712821204206
RUS,2018,-0.3094398113546658
RUS,2019,-0.38443687215983946
RUS,2020,-0.5413813987120932
RUS,2021,-0.23596201105288625
RUS,2022,-0.04648661613863918
RUS,2023,-0.22820800577128375
SAU,1995,-0.26104047080056964
SAU,1996,-0.25478065604902445
SAU,1997,-0.2560722564303663
SAU,1998,-0.26453289700665633
SAU,1999,-0.27399541334536937
SAU,2000,-0.22706771878394058
SAU,2001,-0.22087013283328455
SAU,2002,-0.24027659369612392
SAU,2003,-0.22336260132253355
SAU,2004,-0.22003716308535753
SAU,2005,-0.19283852505558155
SAU,2006,-0.1739949975821923
SAU,2007,-0.17507033251578308
SAU,2008,-0.14452425304203637
SAU,2009,-0.17650825546159482
SAU,2010,-0.18161578230411132
SAU,2011,-0.17018388071665316
SAU,2012,-0.1634371085822261
SAU,2013,-0.16265631647963671
SAU,2014,-0.17369762283660564
SAU,2015,-0.1940208698762323
SAU,2016,-0.22254919922749933
SAU,2017,-0.20843695862439282
SAU,2018,-0.189803324529118
SAU,2019,-0.2212922741067533
SAU,2020,-0.2484307595996481
SAU,2021,-0.13703636056943871
SAU,2022,-0.0744119584399593
SAU,2023,-0.15773139185828944
SLV,1995,-0.25994996753245847
SLV,1996,-0.2637076102038518
SLV,1997,-0.26379690848632126
SLV,1998,-0.27244556839728146
SLV,1999,-0.28708442667409084
SLV,2000,-0.2748337270338897
SLV,2001,-0.27079195555391067
SLV,2002,-0.28018462993978205
SLV,2003,-0.2811311816658601
SLV,2004,-0.28353836447074776
SLV,2005,-0.27081824459011383
SLV,2006,-0.25430399893939265
SLV,2007,-0.27367244001220076
SLV,2008,-0.2664815711178309
SLV,2009,-0.24840135138955657
SLV,2010,-0.2429836786492747
SLV,2011,-0.238820217794733
SLV,2012,-0.24672663091026653
SLV,2013,-0.2551544396240925
SLV,2014,-0.256275271830133
SLV,2015,-0.262176845586187
SLV,2016,-0.24750039971588597
SLV,2017,-0.25423139988304316
SLV,2018,-0.26708796994634787
SLV,2019,-0.2653584562152147
SLV,2020,-0.26417602922720695
SLV,2021,-0.25507075415041874
SLV,2022,-0.2561712276794908
SLV,2023,-0.24456941196845183
SUR,1995,0.17653796445445127
SUR,1996,0.18878738215493904
SUR,1997,0.1784665047656028
SUR,1998,0.18625565048173093
SUR,1999,0.15577576747601005
SUR,2000,0.12380280568685942
SUR,2001,0.10387650547431952
SUR,2002,0.1232309175565739
SUR,2003,0.11970133405343024
SUR,2004,0.13948854557320745
SUR,2005,0.16530976411070916
SUR,2006,0.17162959039387196
SUR,2007,0.17311400903956317
SUR,2008,0.2754147563752313
SUR,2009,0.25970441191708904
SUR,2010,0.23259303448522403
SUR,2011,0.23264134580572152
SUR,2012,0.23987006076149694
SUR,2013,0.22279196277179722
SUR,2014,0.19521730260166764
SUR,2015,0.19682545297650636
SUR,2016,0.2078127079776402
SUR,2017,0.20330140040649905
SUR,2018,0.2044923840069733
SUR,2019,0.2073710966582964
SUR,2020,0.23877762279682593
SUR,2021,0.20684808141222596
SUR,2022,0.1870219187020548
SUR,2023,0.23134166968561537
SVK,1995,0.003072238623207815
SVK,1996,0.00798880643108821
SVK,1997,0.0028569935733556845
SVK,1998,-0.004137599541476821
SVK,1999,-0.009104819982173782
SVK,2000,0.0011079016019146257
SVK,2001,9.42883691318258e-4
SVK,2002,7.198161035723151e-4
SVK,2003,0.008410153646799638
SVK,2004,0.012369437158086988
SVK,2005,0.016706620689845148
SVK,2006,0.01663130851388634
SVK,2007,0.022791963346163582
SVK,2008,0.033091845310074225
SVK,2009,0.017849584936613722
SVK,2010,0.02027912026512132
SVK,2011,0.025356177775880548
SVK,2012,0.025507885875415453
SVK,2013,0.021879544322597658
SVK,2014,0.019957167772205315
SVK,2015,0.0198797136187419
SVK,2016,0.012452019987840058
SVK,2017,0.013916170586225794
SVK,2018,0.016430067817415826
SVK,2019,0.016588369227588218
SVK,2020,0.015371240072506853
SVK,2021,0.030166902487475125
SVK,2022,0.03714649833154461
SVK,2023,0.022201601236314747
SWE,1995,-0.01501069349194929
SWE,1996,-0.013944814967543373
SWE,1997,-0.013892538296628102
SWE,1998,-0.01317248380164076
SWE,1999,-0.014411460456815007
SWE,2000,-0.013899189897113614
SWE,2001,-0.013107266920243697
SWE,2002,-0.012647768252005443
SWE,2003,-0.011909715671939717
SWE,2004,-0.009960052158396945
SWE,2005,-0.004378148896598136
SWE,2006,-0.002121063659383412
SWE,2007,0.0040273162184237465
SWE,2008,0.006156147547962299
SWE,2009,3.198396421171145e-4
SWE,2010,0.007396926104962195
SWE,2011,0.00910653888311554
SWE,2012,0.006334317298622656
SWE,2013,0.005959870514522
SWE,2014,0.0019268803662617921
SWE,2015,-0.002984943315610759
SWE,2016,-0.0015258419625148606
SWE,2017,2.0055973951865836e-4
SWE,2018,-9.2051151219233e-4
SWE,2019,0.0028203634974566945
SWE,2020,0.005790460562113662
SWE,2021,0.0087219165923288
SWE,2022,0.004402005970420206
SWE,2023,0.005097790317947544
THA,1995,-0.5701962722411653
THA,1996,-0.5797074289909966
THA,1997,-0.6093846529512468
THA,1998,-0.6432646673640999
THA,1999,-0.676552416608406
THA,2000,-0.6699406707346629
THA,2001,-0.684029962989154
THA,2002,-0.6560070615589455
THA,2003,-0.6286474009404777
THA,2004,-0.6141134134949675
THA,2005,-0.5838164933232978
THA,2006,-0.5380618359048712
THA,2007,-0.5505593005328401
THA,2008,-0.5058861911495486
THA,2009,-0.5195338099040662
THA,2010,-0.4641265492205987
THA,2011,-0.44372955012283327
THA,2012,-0.48212640131845835
THA,2013,-0.5126404205595851
THA,2014,-0.5565103633307668
THA,2015,-0.5721357116609629
THA,2016,-0.5507917240709894
THA,2017,-0.5395353400449602
THA,2018,-0.5778996989711197
THA,2019,-0.5686345004478744
THA,2020,-0.5508114258374845
THA,2021,-0.546964319310476
THA,2022,-0.5745352670103592
THA,2023,-0.561662473691513
TTO,1995,-4.697512199641825
TTO,1996,-4.59958556880716
TTO,1997,-4.607645019600529
TTO,1998,-4.738969819781539
TTO,1999,-4.894269542437833
TTO,2000,-4.0815457720310855
TTO,2001,-3.9697464799561963
TTO,2002,-4.3176405600168595
TTO,2003,-4.036540699189866
TTO,2004,-3.98849337367943
TTO,2005,-3.5127833022391757
TTO,2006,-3.17411965634658
TTO,2007,-3.2116068500401957
TTO,2008,-2.6933641983680476
TTO,2009,-3.2228531637763735
TTO,2010,-3.321754486920767
TTO,2011,-3.131407391428617
TTO,2012,-3.010678693723082
TTO,2013,-2.9859518230110274
TTO,2014,-3.1785896774838003
TTO,2015,-3.5433793574554824
TTO,2016,-4.0338547197664605
TTO,2017,-3.7847092400065887
TTO,2018,-3.4574533999157278
TTO,2019,-4.023481508856556
TTO,2020,-4.507315149649771
TTO,2021,-2.550248609037935
TTO,2022,-1.4460647032081468
TTO,2023,-2.89844715772844
TUN,1995,-0.2711875786255356
TUN,1996,-0.23703463432747374
TUN,1997,-0.23919544130756587
TUN,1998,-0.2904332179489709
TUN,1999,-0.24001121221673355
TUN,2000,-0.17361374531577595
TUN,2001,-0.1914800184675884
TUN,2002,-0.18255611236770092
TUN,2003,-0.1637443209765649
TUN,2004,-0.12546380233619125
TUN,2005,-0.07229837037204033
TUN,2006,-0.04770079443298168
TUN,2007,-0.017302511964138626
TUN,2008,0.05935769983044407
TUN,2009,-0.0568552654442377
TUN,2010,-0.0032695796618665528
TUN,2011,0.02875759952562138
TUN,2012,0.026582642482717574
TUN,2013,0.0174507703640076
TUN,2014,0.009395832573739826
TUN,2015,-0.07195242779569497
TUN,2016,-0.10432031727289796
TUN,2017,-0.07799690031780368
TUN,2018,-0.036664185472051
TUN,2019,-0.059700681174765534
TUN,2020,-0.12068084417354955
TUN,2021,-0.028098908425455014
TUN,2022,0.024353940931041568
TUN,2023,-0.01714853129612956
TZA,1995,0.1874329922188237
TZA,1996,0.19713747070719628
TZA,1997,0.20855830628970498
TZA,1998,0.20783150420196872
TZA,1999,0.2035043260068434
TZA,2000,0.20298913000531985
TZA,2001,0.20581125783174897
TZA,2002,0.20114907659362274
TZA,2003,0.1959915416524319
TZA,2004,0.1941714460588616
TZA,2005,0.19339459867796333
TZA,2006,0.19560434736143914
TZA,2007,0.19860826684982005
TZA,2008,0.19888046224180944
TZA,2009,0.21246153499688147
TZA,2010,0.21168438316729732
TZA,2011,0.2075281396378717
TZA,2012,0.20550119780241685
TZA,2013,0.20957293434222365
TZA,2014,0.21535374323001882
TZA,2015,0.22033047081889032
TZA,2016,0.22125846051946613
TZA,2017,0.2171973694686801
TZA,2018,0.2174540632782589
TZA,2019,0.2152619508848137
TZA,2020,0.21298152343048857
TZA,2021,0.20388197586492732
TZA,2022,0.20129880564944558
TZA,2023,0.2125334634181467
UKR,1995,0.001286220590514162
UKR,1996,0.001224660651406169
UKR,1997,0.0011939021940150555
UKR,1998,0.0010313715378050218
UKR,1999,0.0011691060130271879
UKR,2000,0.0011925074023869811
UKR,2001,0.0011526446935541412
UKR,2002,0.0011482444711885314
UKR,2003,0.0011631175568454365
UKR,2004,0.001169154879290895
UKR,2005,0.0012148971240847802
UKR,2006,0.0013178379703288352
UKR,2007,0.0013284406507970117
UKR,2008,0.0012762313412511437
UKR,2009,0.0012221057321326638
UKR,2010,0.0012002913156307562
UKR,2011,0.0011698180624092013
UKR,2012,0.0011790581455263826
UKR,2013,0.0011160511265665138
UKR,2014,0.0010649554278015668
UKR,2015,0.0010371609934656557
UKR,2016,0.0011527174014771468
UKR,2017,0.0011006584291563116
UKR,2018,0.0010774388966418643
UKR,2019,0.0011054755439831418
UKR,2020,0.0011342493704938638
UKR,2021,0.0010267940232417735
UKR,2022,8.368100055647944e-4
UKR,2023,8.042514533573248e-4
URY,1995,0.06431765623917754
URY,1996,0.0687804574231877
URY,1997,0.06502027673873612
URY,1998,0.06785807765093622
URY,1999,0.05675341445041479
URY,2000,0.04510478141186217
URY,2001,0.03784507990148557
URY,2002,0.044896426771065
URY,2003,0.0436105020175753
URY,2004,0.050819529675698576
URY,2005,0.06022691274315322
URY,2006,0.06252940000490398
URY,2007,0.06307021471557335
URY,2008,0.10034120240640573
URY,2009,0.09461749001751293
URY,2010,0.08474006643204278
URY,2011,0.08475766758040665
URY,2012,0.08739128808811632
URY,2013,0.08116926531179786
URY,2014,0.07112305502940772
URY,2015,0.07170894862634258
URY,2016,0.0757119090794039
URY,2017,0.0740683151337814
URY,2018,0.07450222335311835
URY,2019,0.07555101787893799
URY,2020,0.0869932827656268
URY,2021,0.0753604689796768
URY,2022,0.06813725032710308
URY,2023,0.08428415967419747
USA,1995,-9.544451975246352e-4
USA,1996,2.7140116137834623e-4
USA,1997,-4.4235953213548024e-4
USA,1998,-0.001867556624562493
USA,1999,-0.0033265129966293322
USA,2000,-0.003016674181528716
USA,2001,-0.0024758189942762333
USA,2002,-0.002192651050945733
USA,2003,-0.0014572229628640782
USA,2004,3.446621653042774e-4
USA,2005,-8.32372601744278e-4
USA,2006,-3.7456159505262055e-4
USA,2007,0.0022412166657460385
USA,2008,0.005700197587245109
USA,2009,0.002537385095108904
USA,2010,0.003919956082103735
USA,2011,0.005552282948206305
USA,2012,0.004929324976723016
USA,2013,0.004121154382228929
USA,2014,0.002745030725755043
USA,2015,0.0017151520937167288
USA,2016,0.002006989956730884
USA,2017,0.002365350305911247
USA,2018,0.002939349201845068
USA,2019,0.001879322957068636
USA,2020,0.0020401417936075075
USA,2021,0.005780550532811852
USA,2022,0.008823048591909875
USA,2023,0.00602352279364083
VNM,1995,-0.7736508450970541
VNM,1996,-0.774401259733034
VNM,1997,-0.873466769312338
VNM,1998,-0.9387982180379898
VNM,1999,-1.044226687431474
VNM,2000,-1.0995762604758577
VNM,2001,-1.177645700878943
VNM,2002,-1.04864633580392
VNM,2003,-0.9738612893039048
VNM,2004,-0.8984458773823587
VNM,2005,-0.8038975004814385
VNM,2006,-0.7022825063774638
VNM,2007,-0.6916105038444359
VNM,2008,-0.432928327474494
VNM,2009,-0.5355564793298467
VNM,2010,-0.42968074676577583
VNM,2011,-0.38111845561786706
VNM,2012,-0.46178330942947915
VNM,2013,-0.5540505900847629
VNM,2014,-0.7160763465919595
VNM,2015,-0.7447304175581149
VNM,2016,-0.7015434446580809
VNM,2017,-0.6607859323049267
VNM,2018,-0.7388444492926342
VNM,2019,-0.7122822051088362
VNM,2020,-0.6188616302025478
VNM,2021,-0.6748528620268356
VNM,2022,-0.7793944448799692
VNM,2023,-0.7050354951277775
ZMB,1995,7.552060952334779
ZMB,1996,7.024457426858442
ZMB,1997,7.132781739363037
ZMB,1998,6.47319451014683
ZMB,1999,6.374502575418313
ZMB,2000,6.75634523533612
ZMB,2001,6.528670593826895
ZMB,2002,6.509183386546398
ZMB,2003,6.692389595110505
ZMB,2004,7.653382305677215
ZMB,2005,8.184877116113569
ZMB,2006,9.569713245187858
ZMB,2007,9.540716017764113
ZMB,2008,9.32127912645787
ZMB,2009,8.806593426426653
ZMB,2010,9.623655159850689
ZMB,2011,9.750944684787113
ZMB,2012,9.511757912816842
ZMB,2013,9.321000901375768
ZMB,2014,9.20331004568817
ZMB,2015,8.921582799090102
ZMB,2016,8.745999519315983
ZMB,2017,9.209017618345968
ZMB,2018,9.216332898905726
ZMB,2019,9.076768940165627
ZMB,2020,9.176500348162657
ZMB,2021,9.88519081906877
ZMB,2022,9.585280044615008
ZMB,2023,9.592991714944946
ZWE,1995,0.17565557332589224
ZWE,1996,0.1855888520226366
ZWE,1997,0.20180354188949376
ZWE,1998,0.19789135562669855
ZWE,1999,0.18817920097289875
ZWE,2000,0.1898656269059373
ZWE,2001,0.19030740752549896
ZWE,2002,0.1834486407458454
ZWE,2003,0.18177052529352708
ZWE,2004,0.17749055001447459
ZWE,2005,0.17349715800694296
ZWE,2006,0.17680333723213096
ZWE,2007,0.18163931871096553
ZWE,2008,0.18292928753443596
ZWE,2009,0.20008357765044432
ZWE,2010,0.2083786878959163
ZWE,2011,0.20818461611610753
ZWE,2012,0.19501966584469
ZWE,2013,0.2009070512635674
ZWE,2014,0.20736129302863684
ZWE,2015,0.21283345959045366
ZWE,2016,0.2159521619772243
ZWE,2017,0.21213293189904806
ZWE,2018,0.21334678930013093
ZWE,2019,0.20763056699546387
ZWE,2020,0.20325462248644202
ZWE,2021,0.19549098752962624
ZWE,2022,0.19557194688637944
ZWE,2023,0.20515923766316996
